,customer,industry,contact_owner,last_purchase,rank,lifetime_sales,first_sale,county,population,current_motorola,market_opportunity,%_market_opp
0,1FOURW,Hospitality,Tom Gillespie,2020-05-18,3.0,1123935.02,1/29/2008,Berrien,156290.0,200519.0,510290.0,0.291
1,7CCECD,911 & Dispatch,Jessica Spindler,2020-05-18,4.0,1011834.96,11/01/1999,Emmet,32858.0,14103.0,80040.0,0.131
2,1OTTSD,Law Enforcement,Keith Johnson,2020-05-08,5.0,848407.03,11/01/1999,Ottawa,267017.0,344342.0,825673.0,0.309
3,1KENCD,911 & Dispatch,Keith Johnson,2019-06-28,6.0,592820.26,6/12/2017,Kent,609544.0,910110.0,1601574.0,0.421
4,4BERSH,Government Services,Tom Gillespie,2020-05-15,7.0,563431.43,11/01/1999,Berrien,156290.0,200519.0,510290.0,0.291
5,6SBRAD,Government Services,Tom Gillespie,2019-12-20,8.0,500085.6,4/12/2011,,,,,
6,1ALLCD,911 & Dispatch,Keith Johnson,2020-05-18,9.0,434459.15,11/01/1999,Allegan,111742.0,64023.0,318656.0,0.149
7,1PERRI,Manufacturing,Kelly Hoek,2020-05-18,10.0,431948.95,3/20/2014,Allegan,111742.0,64023.0,318656.0,0.149
8,7ANTCS,Law Enforcement,Jessica Spindler,2020-05-08,11.0,375979.66,11/01/1999,Antrim,23504.0,4959.0,51231.0,0.072
9,1OTSEG,Fire & EMS,Jessica Spindler,2020-04-30,12.0,373313.3,7/23/2013,Otsego,24127.0,11595.0,63870.0,0.134
10,1POKPP,Law Enforcement,Tom Gillespie,2020-03-13,14.0,306781.47,12/30/2003,Cass,52212.0,11995.0,121875.0,0.073
11,1FISSC,Manufacturing,Kelly Hoek,2020-05-08,18.0,255425.01,3/20/2014,,,,,
12,7EMSHR,Law Enforcement,Jessica Spindler,2020-04-30,19.0,253015.27,11/01/1999,Emmet,32858.0,14103.0,80040.0,0.131
13,1OTTCE,911 & Dispatch,Keith Johnson,2020-04-30,22.0,223192.17,11/01/1999,Ottawa,267017.0,344342.0,825673.0,0.309
14,1MERAM,Fire & EMS,Skip Petrovich,2020-04-30,23.0,220080.87,11/01/1999,Kent,609544.0,910110.0,1601574.0,0.421
15,1GORMA,Manufacturing,Skip Petrovich,2020-03-29,24.0,209770.97,12/31/2001,Livingston,,,,
16,1KENPS,K12 Education,Keith Johnson,2019-12-31,26.0,208252.36,11/01/1999,Kent,609544.0,910110.0,1601574.0,0.421
17,4STJCE,911 & Dispatch,Tom Gillespie,2020-05-18,27.0,204709.48,11/01/1999,St. Joseph,,,,
18,7MUNME,Healthcare,Jessica Spindler,2020-05-18,28.0,195886.44,11/01/1999,Grand Traverse,88182.0,59666.0,215459.0,0.205
19,1BRIMY,Manufacturing,Kelly Hoek,2020-05-08,30.0,194865.15,11/01/1999,,,,,
20,1HOLPD,Law Enforcement,Keith Johnson,2020-04-24,31.0,184563.18,11/01/1999,Ottawa,267017.0,344342.0,825673.0,0.309
21,1MANCD,911 & Dispatch,Jessica Spindler,2018-12-31,33.0,167803.3,7/26/2013,Manistee,24626.0,32787.0,62275.0,0.39
22,7GTCSH,Law Enforcement,Jessica Spindler,2020-04-30,34.0,166735.48,11/01/1999,Grand Traverse,88182.0,59666.0,215459.0,0.205
23,4STJOS,Law Enforcement,Tom Gillespie,2020-05-18,35.0,151637.87,11/01/1999,Berrien,156290.0,200519.0,510290.0,0.291
24,1GORPC,Manufacturing,Skip Petrovich,2020-02-21,36.0,142711.22,12/13/2019,,,,,
25,1CONPC,Utilities,Tom Gillespie,2018-04-13,37.0,141952.1,11/01/1999,Jackson,,,,
26,1DAVEN,Colleges & Universities,Skip Petrovich,2020-05-08,38.0,138927.31,7/28/2003,Kent,609544.0,910110.0,1601574.0,0.421
27,1CHECS,Law Enforcement,Jessica Spindler,2020-04-30,39.0,137983.45,11/01/1999,Cheboygan,25985.0,35187.0,64817.0,0.402
28,7MISCS,911 & Dispatch,Jessica Spindler,2020-03-13,40.0,135388.51,11/01/1999,Missaukee,14940.0,12594.0,39321.0,0.237
29,7MEDUS,Construction,Jessica Spindler,2020-04-11,41.0,131920.03,11/01/1999,,,,,
30,1ARAUC,Manufacturing,Jessica Spindler,2020-04-24,43.0,121163.36,11/14/2017,,,,,
31,7EMAMB,Fire & EMS,Jessica Spindler,2020-04-30,44.0,119689.2,9/29/2014,Emmet,32858.0,14103.0,80040.0,0.131
32,1OTISD,K12 Education,Keith Johnson,2020-02-28,45.0,114334.56,9/20/2006,Ottawa,267017.0,344342.0,825673.0,0.309
33,1AMSEC,Manufacturing,Pat McBride,2020-04-19,46.0,113689.07,7/25/2014,Ottawa,267017.0,344342.0,825673.0,0.309
34,7WOLPO,Utilities,Jessica Spindler,2020-03-31,47.0,112928.57,11/01/1999,Wexford,32690.0,10286.0,67091.0,0.114
35,1LAPRE,Mining & Materials,Jessica Spindler,2020-03-09,48.0,111654.4,2/13/2015,,,,,
36,1LITIN,Hospitality,Jessica Spindler,2020-03-13,49.0,110244.12,6/19/2002,Manistee,24626.0,32787.0,62275.0,0.39
37,1GERBP,Manufacturing,Pat McBride,2020-05-08,50.0,107628.02,5/07/2002,Oakland,,,,
38,4VANCS,Law Enforcement,Tom Gillespie,2019-11-15,52.0,99481.98,11/01/1999,Van Buren,75897.0,57568.0,165946.0,0.257
39,7LTBBO,Government Services,Jessica Spindler,2020-04-30,53.0,99217.95,2/22/2001,Emmet,32858.0,14103.0,80040.0,0.131
40,1KEEBL,Manufacturing,Skip Petrovich,2020-03-21,54.0,94027.6,11/01/1999,Kent,609544.0,910110.0,1601574.0,0.421
41,1GVSUE,Colleges & Universities,Skip Petrovich,2020-04-30,55.0,93258.64,10/19/2011,Ottawa,267017.0,344342.0,825673.0,0.309
42,7CHEEL,Utilities,Jessica Spindler,2020-03-26,56.0,90646.48,11/01/1999,Grand Traverse,88182.0,59666.0,215459.0,0.205
43,1AVOAU,Manufacturing,Jessica Spindler,2019-06-13,57.0,88586.35,9/29/2008,Wexford,32690.0,10286.0,67091.0,0.114
44,1CASSC,Law Enforcement,Tom Gillespie,2020-04-28,58.0,86977.28,6/05/2012,Cass,52212.0,11995.0,121875.0,0.073
45,1BUTSE,Healthcare,Skip Petrovich,2017-09-28,59.0,86217.37,11/01/1999,Kent,609544.0,910110.0,1601574.0,0.421
46,7MARMA,Manufacturing,Jessica Spindler,2019-09-30,60.0,85206.71,11/01/1999,Manistee,24626.0,32787.0,62275.0,0.39
47,1HOLBP,Utilities,Keith Johnson,2020-04-10,61.0,83773.36,11/01/1999,Ottawa,267017.0,344342.0,825673.0,0.309
48,1LGCMI,Manufacturing,Kelly Hoek,2019-12-31,62.0,81128.86,4/30/2012,Ottawa,267017.0,344342.0,825673.0,0.309
49,4NEWPD,Law Enforcement,Tom Gillespie,2020-02-19,63.0,78911.35,11/08/2002,Berrien,156290.0,200519.0,510290.0,0.291
50,1DSSI,Manufacturing,Kelly Hoek,2020-01-31,64.0,78610.75,6/18/2002,,,,,
51,1HAWOR,Manufacturing,Kelly Hoek,2020-05-08,65.0,78468.79,11/01/1999,Ottawa,267017.0,344342.0,825673.0,0.309
52,1HERMI,Manufacturing,Kelly Hoek,2020-04-30,66.0,77184.54,11/01/1999,Ottawa,267017.0,344342.0,825673.0,0.309
53,4SOUPD,Law Enforcement,Tom Gillespie,2020-03-20,67.0,77079.02,11/01/1999,Van Buren,75897.0,57568.0,165946.0,0.257
54,1EAGAI,Manufacturing,Pat McBride,2020-03-13,68.0,74725.63,11/05/2003,Muskegon,171153.0,67069.0,281690.0,0.176
55,7NMHOS,Healthcare,Jessica Spindler,2020-05-18,69.0,73671.63,11/01/1999,Emmet,32858.0,14103.0,80040.0,0.131
56,1KENCA,Government Services,Pat McBride,2020-03-25,70.0,72211.9,11/01/1999,Kent,609544.0,910110.0,1601574.0,0.421
57,1MAGNA,Manufacturing,Kelly Hoek,2020-01-31,71.0,71257.75,12/22/2003,Ottawa,267017.0,344342.0,825673.0,0.309
58,1MANCS,Law Enforcement,Jessica Spindler,2020-04-30,73.0,70443.35,3/12/2002,Manistee,24626.0,32787.0,62275.0,0.39
59,1ALPCO,911 & Dispatch,Jessica Spindler,2020-02-13,74.0,69214.06,9/06/2013,Alpena,29399.0,5013.0,50657.0,0.073
60,1ZEEFS,Agriculture,Kelly Hoek,2020-05-08,75.0,68913.25,11/01/1999,Ottawa,267017.0,344342.0,825673.0,0.309
61,1HILIT,Manufacturing,Pat McBride,2020-03-05,76.0,67967.41,7/24/2012,Muskegon,171153.0,67069.0,281690.0,0.176
62,1OTMEM,Religious Institutions,Jessica Spindler,2019-04-19,78.0,67379.5,1/29/2014,Grand Traverse,88182.0,59666.0,215459.0,0.205
63,1ALTIC,Manufacturing,Pat McBride,2019-09-13,79.0,66452.71,12/30/2015,Kent,609544.0,910110.0,1601574.0,0.421
64,1MAGEG,Manufacturing,Kelly Hoek,2020-03-31,80.0,64819.54,5/19/2017,Ottawa,267017.0,344342.0,825673.0,0.309
65,1KAMPS,Manufacturing,Pat McBride,2020-02-28,81.0,64718.0,2/20/2012,Kent,609544.0,910110.0,1601574.0,0.421
66,1SUNMA,Healthcare,Kelly Hoek,2020-05-18,82.0,64147.13,11/01/1999,Ottawa,267017.0,344342.0,825673.0,0.309
67,1ROSCA,Manufacturing,Skip Petrovich,2017-10-13,83.0,62902.0,4/13/2011,Kent,609544.0,910110.0,1601574.0,0.421
68,1KENQF,Manufacturing,Kelly Hoek,2020-02-19,84.0,60147.55,9/29/2008,Ottawa,267017.0,344342.0,825673.0,0.309
69,1ADRIA,Manufacturing,Tom Gillespie,2019-05-30,85.0,59962.49,10/01/2012,Lenawee,,,,
70,1GCOMS,K12 Education,Jessica Spindler,2019-12-31,89.0,57834.5,9/18/2019,Otsego,24127.0,11595.0,63870.0,0.134
71,1BISSE,Manufacturing,Skip Petrovich,2020-04-30,90.0,56020.78,11/01/1999,Kent,609544.0,910110.0,1601574.0,0.421
72,1ZEEPD,Law Enforcement,Keith Johnson,2020-04-30,91.0,54615.8,11/01/1999,Ottawa,267017.0,344342.0,825673.0,0.309
73,6MISPD,Law Enforcement,Tom Gillespie,2018-06-08,92.0,54434.72,11/01/1999,,,,,
74,1ROSRD,Transportation,Jessica Spindler,2020-05-08,94.0,51494.0,6/23/2014,Roscommon,24281.0,21195.0,55477.0,0.283
75,7WEXCS,Law Enforcement,Jessica Spindler,2020-04-10,95.0,51260.25,11/01/1999,Wexford,32690.0,10286.0,67091.0,0.114
76,1ZFSIT,Agriculture,Kelly Hoek,2020-04-24,96.0,51213.65,12/14/2018,Ottawa,267017.0,344342.0,825673.0,0.309
77,1CEDSP,K12 Education,Keith Johnson,2020-02-28,97.0,50686.26,11/01/1999,Kent,609544.0,910110.0,1601574.0,0.421
78,7TRCFD,Fire & EMS,Jessica Spindler,2020-05-08,98.0,49875.49,6/08/2009,Grand Traverse,88182.0,59666.0,215459.0,0.205
79,7CHEBS,K12 Education,Jessica Spindler,2020-02-28,99.0,49820.15,11/01/1999,Cheboygan,25985.0,35187.0,64817.0,0.402
80,1HOLMH,Transportation,Kelly Hoek,2019-08-16,100.0,46994.16,11/01/1999,Ottawa,267017.0,344342.0,825673.0,0.309
81,1NORSF,Fire & EMS,Pat McBride,2020-03-22,101.0,46983.07,11/01/1999,Muskegon,171153.0,67069.0,281690.0,0.176
82,4WYCCH,Manufacturing,Tom Gillespie,2020-03-21,102.0,46905.21,11/01/1999,Van Buren,75897.0,57568.0,165946.0,0.257
83,1HMEMA,Manufacturing,Skip Petrovich,2020-04-26,103.0,46826.92,11/01/1999,Kent,609544.0,910110.0,1601574.0,0.421
84,1COUFI,Manufacturing,Skip Petrovich,2020-01-31,104.0,46589.52,11/01/1999,,,,,
85,4KATWP,Law Enforcement,Tom Gillespie,2019-08-23,105.0,46232.99,9/29/2003,Kalamazoo,252763.0,544949.0,1117141.0,0.361
86,7KALSH,Law Enforcement,Jessica Spindler,2020-02-18,106.0,46156.94,10/23/2002,Kalkaska,17142.0,1199.0,24913.0,0.036
87,1OCECR,Government Services,Pat McBride,2020-03-13,108.0,45451.34,11/01/1999,Oceana,26456.0,25212.0,52020.0,0.359
88,1DOWAG,Government Services,Tom Gillespie,2019-04-30,109.0,44583.61,11/01/1999,Cass,52212.0,11995.0,121875.0,0.073
89,1HEART,Manufacturing,Skip Petrovich,2020-05-08,110.0,44409.77,1/29/2010,,,,,
90,1QUINM,Law Enforcement,Keith Johnson,,111.0,44299.77,6/02/2016,Ottawa,267017.0,344342.0,825673.0,0.309
91,1HOLMO,Manufacturing,Kelly Hoek,2017-05-05,112.0,43758.13,11/01/1999,Ottawa,267017.0,344342.0,825673.0,0.309
92,4BARPD,Law Enforcement,Tom Gillespie,2020-04-30,113.0,43683.63,4/13/2001,Berrien,156290.0,200519.0,510290.0,0.291
93,1HOLCS,K12 Education,Keith Johnson,2019-06-11,114.0,43516.31,11/01/1999,Ottawa,267017.0,344342.0,825673.0,0.309
94,7FIVCA,Services & Training,Pat McBride,,115.0,43325.52,11/01/1999,Mason,28648.0,43119.0,88198.0,0.362
95,1STOWC,Manufacturing,Kelly Hoek,2019-11-27,116.0,42643.34,6/26/2013,Ottawa,267017.0,344342.0,825673.0,0.309
96,1NBFAS,K12 Education,Tom Gillespie,2020-03-13,118.0,41701.03,9/29/2015,Berrien,156290.0,200519.0,510290.0,0.291
97,1GERPR,Manufacturing,Pat McBride,2020-03-13,119.0,41654.16,11/01/1999,Oakland,,,,
98,1LUDSC,K12 Education,Pat McBride,2020-03-15,120.0,41525.31,11/01/1999,Mason,28648.0,43119.0,88198.0,0.362
99,7INLLA,K12 Education,Jessica Spindler,2020-03-19,121.0,41427.1,11/01/1999,Cheboygan,25985.0,35187.0,64817.0,0.402
100,7GRATS,Government Services,Jessica Spindler,2020-05-08,122.0,41385.86,11/01/1999,Grand Traverse,88182.0,59666.0,215459.0,0.205
101,1GENTX,Manufacturing,Kelly Hoek,2020-04-30,123.0,40814.79,11/01/1999,Ottawa,267017.0,344342.0,825673.0,0.309
102,1STEEL,Manufacturing,Skip Petrovich,2020-03-24,124.0,40762.32,11/01/1999,Kent,609544.0,910110.0,1601574.0,0.421
103,1HOPCO,Colleges & Universities,Kelly Hoek,2020-04-30,125.0,40645.8,11/01/1999,Ottawa,267017.0,344342.0,825673.0,0.309
104,7ECRDC,Government Services,Jessica Spindler,2020-04-30,126.0,40623.35,11/01/1999,Emmet,32858.0,14103.0,80040.0,0.131
105,1HOLPS,K12 Education,Keith Johnson,2020-03-06,129.0,39760.49,11/01/1999,Ottawa,267017.0,344342.0,825673.0,0.309
106,1PARTO,Fire & EMS,Keith Johnson,2019-11-22,130.0,39121.72,11/01/1999,Ottawa,267017.0,344342.0,825673.0,0.309
107,1GEOTF,Fire & EMS,Keith Johnson,2020-03-06,131.0,38859.17,11/01/1999,Ottawa,267017.0,344342.0,825673.0,0.309
108,7MACBA,Law Enforcement,Jessica Spindler,2020-03-13,132.0,38545.67,11/01/1999,Mackinac,,,,
109,1ROSCO,911 & Dispatch,Jessica Spindler,2020-02-18,134.0,37877.38,12/11/2013,Roscommon,24281.0,21195.0,55477.0,0.283
110,1ZEEFD,Fire & EMS,Keith Johnson,2020-04-10,135.0,37839.27,11/01/1999,Ottawa,267017.0,344342.0,825673.0,0.309
111,1HOLFD,Fire & EMS,Keith Johnson,2020-04-10,136.0,37359.67,11/01/1999,Ottawa,267017.0,344342.0,825673.0,0.309
112,1VANPT,Transportation,Tom Gillespie,2020-05-18,138.0,36362.89,5/30/2003,Van Buren,75897.0,57568.0,165946.0,0.257
113,1GUAPR,Manufacturing,Kelly Hoek,2020-03-31,139.0,35554.07,11/01/1999,Ottawa,267017.0,344342.0,825673.0,0.309
114,1WALKE,Government Services,Keith Johnson,2020-04-30,141.0,35240.3,11/01/1999,Kent,609544.0,910110.0,1601574.0,0.421
115,5SPRFD,Fire & EMS,Keith Johnson,2020-04-30,142.0,35104.84,11/01/1999,Ottawa,267017.0,344342.0,825673.0,0.309
116,1KENTW,Government Services,Skip Petrovich,2020-03-06,143.0,34983.22,9/16/2002,Kent,609544.0,910110.0,1601574.0,0.421
117,4SOUHC,Healthcare,Tom Gillespie,2017-06-20,144.0,34644.51,11/01/1999,Van Buren,75897.0,57568.0,165946.0,0.257
118,4BOYBH,K12 Education,Tom Gillespie,2018-12-28,145.0,34608.0,11/12/2012,Berrien,156290.0,200519.0,510290.0,0.291
119,1HOLGA,Agriculture,Kelly Hoek,2019-10-04,146.0,33410.67,11/01/1999,Ottawa,267017.0,344342.0,825673.0,0.309
120,7POPEX,Construction,Jessica Spindler,2019-11-27,149.0,32659.24,11/01/1999,Grand Traverse,88182.0,59666.0,215459.0,0.205
121,1MASOC,911 & Dispatch,Keith Johnson,2019-01-18,150.0,32474.9,11/01/1999,Oceana,26456.0,25212.0,52020.0,0.359
122,1JAMES,Fire & EMS,Keith Johnson,2020-03-29,151.0,31801.0,11/01/1999,Ottawa,267017.0,344342.0,825673.0,0.309
123,1GNSAM,Manufacturing,Kelly Hoek,2019-09-13,152.0,31677.26,12/30/2011,Ottawa,267017.0,344342.0,825673.0,0.309
124,1WESTD,Transportation,Keith Johnson,2019-10-11,153.0,30399.53,5/24/2002,Ottawa,267017.0,344342.0,825673.0,0.309
125,1ROSSH,Law Enforcement,Jessica Spindler,2020-04-30,154.0,30208.07,4/29/2014,,,,,
126,7GTCCD,911 & Dispatch,Jessica Spindler,,155.0,30150.9,11/01/1999,Grand Traverse,88182.0,59666.0,215459.0,0.205
127,1YATDI,Transportation,Pat McBride,2020-04-18,156.0,29883.05,11/01/1999,Lake,11485.0,8638.0,20425.0,0.313
128,1HOLEN,Manufacturing,Kelly Hoek,2020-02-07,157.0,29821.95,11/01/1999,Ottawa,267017.0,344342.0,825673.0,0.309
129,7TCPAT,Law Enforcement,Jessica Spindler,2020-02-21,158.0,29677.11,11/01/1999,Grand Traverse,88182.0,59666.0,215459.0,0.205
130,1MOTUS,Manufacturing,Kelly Hoek,2020-02-21,159.0,29438.58,12/24/2014,Ottawa,267017.0,344342.0,825673.0,0.309
131,1JCI,Manufacturing,Kelly Hoek,2018-04-20,161.0,29093.13,4/12/2011,,,,,
132,4EDWFD,911 & Dispatch,Tom Gillespie,2020-01-24,162.0,27984.04,11/01/1999,Cass,52212.0,11995.0,121875.0,0.073
133,1OTTES,911 & Dispatch,Keith Johnson,2019-09-27,163.0,27884.82,11/01/1999,Ottawa,267017.0,344342.0,825673.0,0.309
134,1GORFO,Manufacturing,Skip Petrovich,2020-03-13,164.0,27801.31,11/01/1999,Kent,609544.0,910110.0,1601574.0,0.421
135,1LEECS,Law Enforcement,Jessica Spindler,2019-03-08,165.0,27704.41,11/01/1999,Leelanau,21682.0,967.0,47091.0,0.015
136,1VALTP,Manufacturing,Skip Petrovich,2019-07-26,166.0,27666.61,11/01/1999,Kent,609544.0,910110.0,1601574.0,0.421
137,3CROFD,Fire & EMS,Keith Johnson,2020-05-08,167.0,27300.15,11/01/1999,Ottawa,267017.0,344342.0,825673.0,0.309
138,1WAYPD,Law Enforcement,Keith Johnson,2020-01-31,168.0,27270.28,11/01/1999,Allegan,111742.0,64023.0,318656.0,0.149
139,1HOLHO,Healthcare,Kelly Hoek,2020-04-30,169.0,26985.49,11/01/1999,Ottawa,267017.0,344342.0,825673.0,0.309
140,4STJTP,Law Enforcement,Tom Gillespie,2020-03-31,170.0,26776.59,4/06/2004,Berrien,156290.0,200519.0,510290.0,0.291
141,1ALREG,Healthcare,Jessica Spindler,2017-10-31,171.0,26209.42,6/23/2014,Midland,,,,
142,1VANAI,Healthcare,Skip Petrovich,2020-04-19,172.0,25907.89,10/25/2004,Kent,609544.0,910110.0,1601574.0,0.421
143,1WEXCO,Government Services,Jessica Spindler,2018-09-28,173.0,25776.78,11/01/1999,Wexford,32690.0,10286.0,67091.0,0.114
144,7GTRFD,Fire & EMS,Jessica Spindler,2020-05-08,174.0,25697.28,11/01/1999,Grand Traverse,88182.0,59666.0,215459.0,0.205
145,1SWTCH,Security,Skip Petrovich,2020-02-28,175.0,25643.6,6/28/2016,,,,,
146,1PRIDG,Manufacturing,Skip Petrovich,2019-09-27,176.0,25499.27,2/07/2014,Kent,609544.0,910110.0,1601574.0,0.421
147,7HODDO,Construction,Jessica Spindler,2020-04-30,178.0,25349.62,11/01/1999,Charlevoix,26030.0,17782.0,68747.0,0.192
148,1ROCAM,Fire & EMS,Keith Johnson,2020-04-10,180.0,24955.72,11/01/1999,Kent,609544.0,910110.0,1601574.0,0.421
149,3GRANF,Fire & EMS,Keith Johnson,2019-04-19,181.0,24890.16,11/01/1999,Newaygo,48280.0,21278.0,94629.0,0.167
150,1FABFD,Fire & EMS,Tom Gillespie,2019-12-31,183.0,24564.19,5/08/2012,St. Joseph,,,,
151,1BRIDG,Government Services,Tom Gillespie,2020-03-13,184.0,24508.56,11/01/1999,Berrien,156290.0,200519.0,510290.0,0.291
152,1COLDP,Law Enforcement,Pat McBride,2019-08-16,185.0,24368.37,12/27/2013,Branch,,,,
153,1MONTM,911 & Dispatch,Jessica Spindler,2019-12-05,186.0,24346.19,5/20/2013,Montmorency,9598.0,4814.0,16068.0,0.222
154,4LINTP,Law Enforcement,Tom Gillespie,2020-04-11,187.0,24077.13,11/01/1999,Berrien,156290.0,200519.0,510290.0,0.291
155,4SISFD,Fire & EMS,Tom Gillespie,2019-09-20,188.0,23982.92,11/01/1999,Cass,52212.0,11995.0,121875.0,0.073
156,4BENTP,Law Enforcement,Tom Gillespie,2020-02-10,189.0,23931.16,10/10/2007,Berrien,156290.0,200519.0,510290.0,0.291
157,1COLQF,Manufacturing,Pat McBride,2020-04-10,190.0,23107.09,11/01/1999,Muskegon,171153.0,67069.0,281690.0,0.176
158,7MACIO,Government Services,Jessica Spindler,2019-09-13,191.0,23082.35,1/24/2002,Manistee,24626.0,32787.0,62275.0,0.39
159,1KINSD,K12 Education,Skip Petrovich,2019-08-29,192.0,23073.18,10/13/2016,Kent,609544.0,910110.0,1601574.0,0.421
160,4STUPD,Law Enforcement,Tom Gillespie,2020-04-28,193.0,22874.91,11/01/1999,St. Joseph,,,,
161,4COVPD,Law Enforcement,Tom Gillespie,2020-03-20,194.0,22666.41,11/01/1999,Van Buren,75897.0,57568.0,165946.0,0.257
162,1EGETO,Fire & EMS,Pat McBride,2020-02-25,195.0,22473.96,11/01/1999,Muskegon,171153.0,67069.0,281690.0,0.176
163,1OLITO,Fire & EMS,Keith Johnson,2020-04-30,196.0,21971.97,11/01/1999,Ottawa,267017.0,344342.0,825673.0,0.309
164,4STJSD,Law Enforcement,Tom Gillespie,2020-05-04,197.0,21902.31,11/01/1999,St. Joseph,,,,
165,1AMWAY,Manufacturing,Pat McBride,2020-02-07,198.0,21846.66,12/28/2015,Kent,609544.0,910110.0,1601574.0,0.421
166,7TUSTP,Law Enforcement,Jessica Spindler,2020-05-15,199.0,21617.39,11/01/1999,Cheboygan,25985.0,35187.0,64817.0,0.402
167,1NEWEF,Manufacturing,Pat McBride,2020-03-13,200.0,21581.93,4/30/2009,Oceana,26456.0,25212.0,52020.0,0.359
168,1EMPDI,Manufacturing,Kelly Hoek,2020-01-31,201.0,21504.07,11/01/1999,Ottawa,267017.0,344342.0,825673.0,0.309
169,1GHDPS,Government Services,Keith Johnson,2020-02-21,202.0,21446.88,11/01/1999,Ottawa,267017.0,344342.0,825673.0,0.309
170,1SUNAE,Manufacturing,Kelly Hoek,2020-04-24,203.0,20989.11,11/01/1999,Ottawa,267017.0,344342.0,825673.0,0.309
171,1WATPD,Law Enforcement,Tom Gillespie,2020-04-08,206.0,20609.54,9/29/2008,Berrien,156290.0,200519.0,510290.0,0.291
172,1GRATA,Transportation,Skip Petrovich,2020-02-25,207.0,20530.16,11/01/1999,Kent,609544.0,910110.0,1601574.0,0.421
173,1GRASC,Colleges & Universities,Kelly Hoek,2019-12-20,208.0,20418.0,11/01/1999,Ottawa,267017.0,344342.0,825673.0,0.309
174,1WYOPD,Law Enforcement,Skip Petrovich,2020-03-31,210.0,20210.41,11/01/1999,Kent,609544.0,910110.0,1601574.0,0.421
175,1SAUFD,Fire & EMS,Keith Johnson,2019-10-31,211.0,20031.1,11/01/1999,Allegan,111742.0,64023.0,318656.0,0.149
176,1GRTFD,Fire & EMS,Keith Johnson,2019-11-22,212.0,19945.97,11/01/1999,Ottawa,267017.0,344342.0,825673.0,0.309
177,1CIRCC,Manufacturing,Jessica Spindler,2019-06-28,213.0,19863.66,3/01/2018,Emmet,32858.0,14103.0,80040.0,0.131
178,1EATSD,Law Enforcement,Skip Petrovich,2016-12-30,215.0,19627.32,12/20/2007,Eaton,107920.0,59175.0,365290.0,0.12
179,4STUFD,Fire & EMS,Tom Gillespie,2019-12-24,216.0,19574.4,11/01/1999,St. Joseph,,,,
180,1OCECS,Law Enforcement,Pat McBride,2020-01-14,217.0,19266.15,11/01/1999,Oceana,26456.0,25212.0,52020.0,0.359
181,6TRAPO,Transportation,Tom Gillespie,2017-11-22,219.0,18980.03,11/01/1999,,,,,
182,1ALLTF,Fire & EMS,Keith Johnson,2019-09-06,221.0,18739.51,11/01/1999,Allegan,111742.0,64023.0,318656.0,0.149
183,7PETFD,Law Enforcement,Jessica Spindler,2020-05-15,222.0,18528.45,3/08/2001,Emmet,32858.0,14103.0,80040.0,0.131
184,1ALLSO,Law Enforcement,Keith Johnson,2020-01-31,223.0,18247.94,11/01/1999,Allegan,111742.0,64023.0,318656.0,0.149
185,1HAMFD,Fire & EMS,Keith Johnson,2020-05-08,224.0,18150.68,11/01/1999,Allegan,111742.0,64023.0,318656.0,0.149
186,1SHAES,Fire & EMS,Tom Gillespie,2020-04-30,225.0,17945.79,5/30/2001,Van Buren,75897.0,57568.0,165946.0,0.257
187,1ZEEBP,Utilities,Keith Johnson,2020-04-24,226.0,17812.11,11/01/1999,Ottawa,267017.0,344342.0,825673.0,0.309
188,7MANDE,Construction,Jessica Spindler,2017-11-22,227.0,17639.41,11/01/1999,Charlevoix,26030.0,17782.0,68747.0,0.192
189,1WINML,Construction,Skip Petrovich,2020-02-14,228.0,17623.17,11/02/2017,Allegan,111742.0,64023.0,318656.0,0.149
190,1ROBBO,Manufacturing,Tom Gillespie,2020-04-30,229.0,17622.04,12/09/2011,Oakland,,,,
191,1REAFD,Fire & EMS,Jessica Spindler,2020-04-30,230.0,17089.38,12/30/2005,Emmet,32858.0,14103.0,80040.0,0.131
192,1OCEEL,Utilities,Jessica Spindler,2020-04-30,231.0,16940.06,11/01/1999,Charlevoix,26030.0,17782.0,68747.0,0.192
193,4MIDNR,Government Services,Jessica Spindler,2017-02-28,232.0,16890.87,11/01/1999,Ingham,,,,
194,1LUDMT,Transportation,Keith Johnson,2020-04-24,233.0,16587.42,11/01/1999,Mason,28648.0,43119.0,88198.0,0.362
195,1BYTFD,Fire & EMS,Skip Petrovich,2019-06-27,234.0,16582.66,9/29/2008,Kent,609544.0,910110.0,1601574.0,0.421
196,1HOLTF,Fire & EMS,Keith Johnson,2020-02-28,235.0,16441.58,11/01/1999,Ottawa,267017.0,344342.0,825673.0,0.309
197,1AGROP,Manufacturing,Skip Petrovich,2020-01-31,236.0,16358.97,2/20/2013,,,,,
198,1FREMF,Fire & EMS,Pat McBride,2019-10-28,237.0,16292.88,11/01/1999,Newaygo,48280.0,21278.0,94629.0,0.167
199,1MASCS,Law Enforcement,Keith Johnson,2020-02-21,239.0,16060.11,11/01/1999,Mason,28648.0,43119.0,88198.0,0.362
200,1MKGPD,Law Enforcement,Pat McBride,2019-12-13,240.0,16058.0,2/09/2006,Muskegon,171153.0,67069.0,281690.0,0.176
201,1YOULP,Hospitality,Jessica Spindler,2019-06-14,241.0,15994.39,9/29/2008,Missaukee,14940.0,12594.0,39321.0,0.237
202,1GEOSO,Construction,Kelly Hoek,2017-06-02,242.0,15987.79,5/18/2010,,,,,
203,1MUSHF,Fire & EMS,Pat McBride,2019-12-13,243.0,15965.82,11/01/1999,Muskegon,171153.0,67069.0,281690.0,0.176
204,1SAUGA,Government Services,Keith Johnson,2018-12-14,244.0,15959.41,4/28/2005,Allegan,111742.0,64023.0,318656.0,0.149
205,1GVSCR,Colleges & Universities,Kelly Hoek,2020-03-05,247.0,15822.23,10/19/2004,Ottawa,267017.0,344342.0,825673.0,0.309
206,1PADNI,Mining & Materials,Kelly Hoek,2020-05-08,248.0,15690.4,8/21/2001,Ottawa,267017.0,344342.0,825673.0,0.309
207,1KIRCC,Colleges & Universities,Jessica Spindler,2020-02-07,249.0,15660.78,8/04/2014,Crawford,14017.0,32200.0,5375.0,4.437
208,1BRADF,Manufacturing,Kelly Hoek,2020-04-24,251.0,15631.19,6/04/2012,Ottawa,267017.0,344342.0,825673.0,0.309
209,1HAMCS,K12 Education,Keith Johnson,2019-09-30,252.0,15527.24,11/01/1999,Allegan,111742.0,64023.0,318656.0,0.149
210,1PORFD,Fire & EMS,Keith Johnson,2020-03-31,254.0,15428.38,11/01/1999,Ottawa,267017.0,344342.0,825673.0,0.309
211,1RESCC,Healthcare,Kelly Hoek,2019-11-15,255.0,15369.65,11/01/1999,Ottawa,267017.0,344342.0,825673.0,0.309
212,1PIEGC,Oil & Gas,Jessica Spindler,2020-04-30,257.0,15155.24,2/17/2014,Presque Isle,13234.0,20155.0,26844.0,0.556
213,4STUEC,Utilities,Tom Gillespie,2020-02-21,258.0,15052.26,11/01/1999,St. Joseph,,,,
214,1ROBTF,Fire & EMS,Keith Johnson,2020-04-19,259.0,14935.56,11/01/1999,Ottawa,267017.0,344342.0,825673.0,0.309
215,1WEBCH,Transportation,Pat McBride,2019-10-11,261.0,14533.63,11/01/1999,Muskegon,171153.0,67069.0,281690.0,0.176
216,1CUTFD,Fire & EMS,Pat McBride,2019-08-09,262.0,14431.73,11/01/1999,Kent,609544.0,910110.0,1601574.0,0.421
217,1GTWPD,Law Enforcement,Jessica Spindler,2019-10-11,263.0,14351.14,4/05/2018,Kalkaska,17142.0,1199.0,24913.0,0.036
218,1MASCI,K12 Education,Keith Johnson,2019-03-15,264.0,14327.88,11/01/1999,Mason,28648.0,43119.0,88198.0,0.362
219,1ALLFD,Fire & EMS,Keith Johnson,2020-01-31,266.0,14181.74,9/09/2005,Ottawa,267017.0,344342.0,825673.0,0.309
220,1DORFD,Fire & EMS,Keith Johnson,2020-02-14,267.0,13837.47,11/01/1999,Allegan,111742.0,64023.0,318656.0,0.149
221,1OXYCH,Manufacturing,Kelly Hoek,2017-02-10,269.0,13783.94,11/09/2012,,,,,
222,4TRIFD,Fire & EMS,Tom Gillespie,,270.0,13757.39,11/01/1999,Berrien,156290.0,200519.0,510290.0,0.291
223,4BENPD,Law Enforcement,Tom Gillespie,2018-09-28,271.0,13721.5,3/23/2001,Berrien,156290.0,200519.0,510290.0,0.291
224,1SPINO,Manufacturing,Kelly Hoek,2020-02-21,272.0,13698.7,2/07/2019,,,,,
225,7CHAPD,Law Enforcement,Jessica Spindler,2020-05-08,273.0,13694.27,8/28/2001,Charlevoix,26030.0,17782.0,68747.0,0.192
226,1PLAIN,Government Services,Keith Johnson,2019-11-15,274.0,13493.08,11/01/1999,Allegan,111742.0,64023.0,318656.0,0.149
227,1NAVAC,Manufacturing,Jessica Spindler,2019-04-23,275.0,13390.29,11/13/2018,Grand Traverse,88182.0,59666.0,215459.0,0.205
228,1HOLDA,Transportation,Keith Johnson,2020-03-31,276.0,13253.06,11/01/1999,Ottawa,267017.0,344342.0,825673.0,0.309
229,1HOWMC,Manufacturing,Kelly Hoek,2020-03-31,279.0,13200.42,11/01/1999,Ottawa,267017.0,344342.0,825673.0,0.309
230,1WESOS,K12 Education,Keith Johnson,2020-04-19,280.0,13132.75,11/01/1999,Ottawa,267017.0,344342.0,825673.0,0.309
231,1ARCBG,Hospitality,Jessica Spindler,2019-06-13,281.0,13119.42,11/01/1999,Manistee,24626.0,32787.0,62275.0,0.39
232,1IONCS,Law Enforcement,Skip Petrovich,2020-05-08,285.0,12451.9,9/05/2007,Ionia,63909.0,81003.0,154685.0,0.388
233,1HUDFD,Government Services,Keith Johnson,2019-09-26,286.0,12427.89,11/01/1999,Ottawa,267017.0,344342.0,825673.0,0.309
234,1HILFD,Fire & EMS,Jessica Spindler,2017-07-28,287.0,12403.5,10/30/2013,Montmorency,9598.0,4814.0,16068.0,0.222
235,4BRIFD,Fire & EMS,Tom Gillespie,2020-02-14,288.0,12291.77,11/01/1999,Berrien,156290.0,200519.0,510290.0,0.291
236,7BOYPO,Government Services,Jessica Spindler,2019-07-29,290.0,12140.53,11/10/2004,Charlevoix,26030.0,17782.0,68747.0,0.192
237,1CHRMC,Religious Institutions,Kelly Hoek,2020-03-05,291.0,11998.75,11/01/1999,Ottawa,267017.0,344342.0,825673.0,0.309
238,1GRAFD,Fire & EMS,Keith Johnson,2020-04-30,292.0,11926.75,11/01/1999,Ottawa,267017.0,344342.0,825673.0,0.309
239,4COVFD,Fire & EMS,Tom Gillespie,2018-04-20,293.0,11903.2,11/01/1999,Kalamazoo,252763.0,544949.0,1117141.0,0.361
240,1HARTP,K12 Education,Pat McBride,2020-03-15,295.0,11836.89,11/01/1999,Oceana,26456.0,25212.0,52020.0,0.359
241,1FREVI,Hospitality,Kelly Hoek,2020-03-13,296.0,11803.93,11/01/1999,,,,,
242,1HEUSA,Manufacturing,Kelly Hoek,,299.0,11686.69,11/29/2005,,,,,
243,7HARSP,Government Services,Jessica Spindler,2019-09-30,300.0,11667.91,11/01/1999,Emmet,32858.0,14103.0,80040.0,0.131
244,4CHTPD,Law Enforcement,Tom Gillespie,2019-12-06,302.0,11540.65,10/01/2003,Berrien,156290.0,200519.0,510290.0,0.291
245,1CLARC,Hospitality,Skip Petrovich,2020-04-10,303.0,11483.63,11/01/1999,Kent,609544.0,910110.0,1601574.0,0.421
246,1MUSHP,Law Enforcement,Keith Johnson,2019-01-25,304.0,11423.45,11/01/1999,Muskegon,171153.0,67069.0,281690.0,0.176
247,1MITUN,Colleges & Universities,Jessica Spindler,2019-11-27,308.0,11327.0,10/24/2019,Houghton,,,,
248,1DRGEA,Law Enforcement,Pat McBride,2019-11-15,309.0,11312.0,4/16/2019,Wayne,,,,
249,1BLOCK,Hospitality,Skip Petrovich,2019-12-20,310.0,11233.4,5/02/2018,Kent,609544.0,910110.0,1601574.0,0.421
250,1GVUPS,Law Enforcement,Kelly Hoek,2020-01-24,311.0,11182.64,11/01/1999,Ottawa,267017.0,344342.0,825673.0,0.309
251,7BEEMS,Fire & EMS,Jessica Spindler,2020-03-29,314.0,10916.04,8/20/2009,Benzie,17474.0,101.0,38197.0,0.002
252,1AQUIN,Colleges & Universities,Pat McBride,2020-02-21,315.0,10802.46,10/25/2013,Kent,609544.0,910110.0,1601574.0,0.421
253,1NEWFI,Fire & EMS,Pat McBride,2018-08-31,316.0,10795.83,11/01/1999,Newaygo,48280.0,21278.0,94629.0,0.167
254,1LCFIR,Fire & EMS,Jessica Spindler,2019-10-31,317.0,10729.29,12/30/2009,Missaukee,14940.0,12594.0,39321.0,0.237
255,1SMGDV,Hospitality,Skip Petrovich,2016-08-19,318.0,10664.51,4/05/2004,Kent,609544.0,910110.0,1601574.0,0.421
256,7INVFD,Fire & EMS,Jessica Spindler,2020-02-28,319.0,10607.75,11/01/1999,Cheboygan,25985.0,35187.0,64817.0,0.402
257,1BLETF,Fire & EMS,Keith Johnson,2020-03-24,320.0,10596.73,11/01/1999,Ottawa,267017.0,344342.0,825673.0,0.309
258,7MACPD,Government Services,Jessica Spindler,2020-05-08,324.0,10395.99,11/01/1999,Emmet,32858.0,14103.0,80040.0,0.131
259,1NEWCJ,Law Enforcement,Pat McBride,2016-12-22,325.0,10358.02,11/01/1999,Newaygo,48280.0,21278.0,94629.0,0.167
260,1SYSFO,Manufacturing,Skip Petrovich,2018-09-07,326.0,10280.61,11/01/1999,Kent,609544.0,910110.0,1601574.0,0.421
261,7WEMIS,K12 Education,Jessica Spindler,2019-10-14,327.0,10273.0,10/18/2001,Wexford,32690.0,10286.0,67091.0,0.114
262,1OVEFD,Fire & EMS,Keith Johnson,2020-02-19,328.0,10223.07,11/01/1999,Ottawa,267017.0,344342.0,825673.0,0.309
263,1ZEETF,Fire & EMS,Keith Johnson,2020-02-21,330.0,10142.74,11/01/1999,Ottawa,267017.0,344342.0,825673.0,0.309
264,1WALFD,Fire & EMS,Skip Petrovich,2019-11-27,332.0,10082.73,11/01/1999,Kent,609544.0,910110.0,1601574.0,0.421
265,7CADUT,Utilities,Jessica Spindler,2020-04-10,333.0,10045.21,6/15/2004,Wexford,32690.0,10286.0,67091.0,0.114
266,5OTTRC,Government Services,Keith Johnson,2019-12-20,335.0,9976.55,11/01/1999,Ottawa,267017.0,344342.0,825673.0,0.309
267,4FERMI,Construction,Tom Gillespie,2019-11-08,336.0,9932.27,11/01/1999,Berrien,156290.0,200519.0,510290.0,0.291
268,1GRCPD,Colleges & Universities,Skip Petrovich,2020-03-22,338.0,9879.65,1/24/2006,Kent,609544.0,910110.0,1601574.0,0.421
269,1USDAF,Government Services,Jessica Spindler,2019-06-14,339.0,9876.02,7/03/2003,Wexford,32690.0,10286.0,67091.0,0.114
270,4PAWSC,K12 Education,Tom Gillespie,2019-08-19,340.0,9821.34,11/01/1999,Van Buren,75897.0,57568.0,165946.0,0.257
271,1CHGFD,Fire & EMS,Jessica Spindler,2019-02-28,341.0,9754.43,9/29/2008,Wexford,32690.0,10286.0,67091.0,0.114
272,1USPRO,Government Services,Keith Johnson,2018-09-18,342.0,9751.7,8/16/2018,Kent,609544.0,910110.0,1601574.0,0.421
273,1HUTTR,Transportation,Kelly Hoek,2018-02-09,345.0,9610.81,6/04/2003,Ottawa,267017.0,344342.0,825673.0,0.309
274,1DNRRC,Government Services,Jessica Spindler,2019-05-17,347.0,9555.86,6/27/2016,Roscommon,24281.0,21195.0,55477.0,0.283
275,1FRECO,Agriculture,Pat McBride,2020-02-28,351.0,9394.38,4/12/2001,Newaygo,48280.0,21278.0,94629.0,0.167
276,1BTBAL,Manufacturing,Skip Petrovich,2019-12-31,353.0,9380.95,4/03/2019,Kent,609544.0,910110.0,1601574.0,0.421
277,4STJPS,K12 Education,Tom Gillespie,2020-02-10,354.0,9363.45,11/01/1999,Berrien,156290.0,200519.0,510290.0,0.291
278,1GRABC,Colleges & Universities,Skip Petrovich,2019-12-13,355.0,9291.41,11/01/1999,Kent,609544.0,910110.0,1601574.0,0.421
279,1HOLSD,Government Services,Keith Johnson,2020-03-24,361.0,8921.47,11/01/1999,Ottawa,267017.0,344342.0,825673.0,0.309
280,1GRFDE,Fire & EMS,Pat McBride,2019-12-31,362.0,8875.05,11/18/2005,Kent,609544.0,910110.0,1601574.0,0.421
281,1HACOR,Agriculture,Pat McBride,2020-05-18,363.0,8870.01,11/01/1999,Mason,28648.0,43119.0,88198.0,0.362
282,1APCOA,Hospitality,Skip Petrovich,2019-11-08,364.0,8832.04,2/05/2002,Kent,609544.0,910110.0,1601574.0,0.421
283,1MANSD,K12 Education,Jessica Spindler,2018-11-09,365.0,8812.0,2/23/2016,Wexford,32690.0,10286.0,67091.0,0.114
284,1LUDPD,Law Enforcement,Pat McBride,,366.0,8790.83,11/01/1999,Mason,28648.0,43119.0,88198.0,0.362
285,7CADPD,Law Enforcement,Jessica Spindler,,367.0,8757.68,11/01/1999,Wexford,32690.0,10286.0,67091.0,0.114
286,1NORAI,Transportation,Skip Petrovich,2019-07-19,368.0,8734.87,11/01/1999,Kent,609544.0,910110.0,1601574.0,0.421
287,1KENPA,Manufacturing,Skip Petrovich,2019-12-04,369.0,8727.43,12/21/2012,Kent,609544.0,910110.0,1601574.0,0.421
288,4THRFD,Fire & EMS,Tom Gillespie,2019-12-31,370.0,8725.31,11/01/1999,St. Joseph,,,,
289,1NOOCH,Religious Institutions,Kelly Hoek,2019-03-29,371.0,8673.27,11/01/1999,Ottawa,267017.0,344342.0,825673.0,0.309
290,1KRUCO,Manufacturing,Kelly Hoek,2020-03-31,372.0,8652.88,11/01/1999,Allegan,111742.0,64023.0,318656.0,0.149
291,1MSUBI,Colleges & Universities,Kelly Hoek,2019-06-27,373.0,8592.16,12/21/2017,Ottawa,267017.0,344342.0,825673.0,0.309
292,7MISCE,Fire & EMS,Jessica Spindler,2019-12-31,374.0,8564.06,11/01/1999,Missaukee,14940.0,12594.0,39321.0,0.237
293,1HSDIE,Manufacturing,Pat McBride,2018-02-20,375.0,8398.35,11/14/2017,Kent,609544.0,910110.0,1601574.0,0.421
294,1GTPAV,Healthcare,Jessica Spindler,2019-11-27,378.0,8152.46,9/30/2009,Grand Traverse,88182.0,59666.0,215459.0,0.205
295,1BERPD,Law Enforcement,Tom Gillespie,2019-12-13,381.0,7972.71,9/23/2008,Berrien,156290.0,200519.0,510290.0,0.291
296,6SBFIR,Government Services,Tom Gillespie,2016-02-12,384.0,7737.5,8/03/2006,,,,,
297,1KALEM,Fire & EMS,Jessica Spindler,2020-03-13,385.0,7699.72,12/26/2012,Kalkaska,17142.0,1199.0,24913.0,0.036
298,1ALPPS,Law Enforcement,Jessica Spindler,2019-10-17,388.0,7629.28,11/02/2004,Alpena,29399.0,5013.0,50657.0,0.073
299,1TURLC,Hospitality,Jessica Spindler,2020-01-31,389.0,7611.64,10/21/2016,Montmorency,9598.0,4814.0,16068.0,0.222
300,1COORI,K12 Education,Jessica Spindler,2020-01-28,390.0,7577.75,10/08/2015,Roscommon,24281.0,21195.0,55477.0,0.283
301,1COMPS,K12 Education,Pat McBride,2019-12-05,391.0,7560.0,9/24/2019,Kent,609544.0,910110.0,1601574.0,0.421
302,1MASFL,Agriculture,Skip Petrovich,2018-03-14,392.0,7489.31,3/30/2007,Kent,609544.0,910110.0,1601574.0,0.421
303,1MACRF,Fire & EMS,Keith Johnson,2018-04-13,394.0,7437.53,11/01/1999,Mason,28648.0,43119.0,88198.0,0.362
304,1PLEMM,Healthcare,Kelly Hoek,2019-12-20,399.0,7375.0,10/16/2019,Kent,609544.0,910110.0,1601574.0,0.421
305,1FCSTJ,Religious Institutions,Tom Gillespie,2019-11-15,400.0,7369.71,6/14/2018,Berrien,156290.0,200519.0,510290.0,0.291
306,7AJDFP,Manufacturing,Jessica Spindler,2019-11-21,401.0,7358.29,1/21/2003,Crawford,14017.0,32200.0,5375.0,4.437
307,1FRUTP,Law Enforcement,Pat McBride,2019-12-16,403.0,7260.23,11/01/1999,Muskegon,171153.0,67069.0,281690.0,0.176
308,4MICPD,Law Enforcement,Tom Gillespie,2019-07-12,404.0,7203.42,9/06/2006,Berrien,156290.0,200519.0,510290.0,0.291
309,1ALTWN,Government Services,Jessica Spindler,2019-10-03,405.0,7200.98,12/18/2014,Alpena,29399.0,5013.0,50657.0,0.073
310,1ADACO,Manufacturing,Pat McBride,2019-12-31,406.0,7175.38,9/29/2008,Kent,609544.0,910110.0,1601574.0,0.421
311,1MEAGC,Hospitality,Kelly Hoek,2018-08-03,407.0,7129.74,11/01/1999,Ottawa,267017.0,344342.0,825673.0,0.309
312,1JOERA,Agriculture,Pat McBride,2019-10-17,408.0,7123.24,9/01/2017,Kent,609544.0,910110.0,1601574.0,0.421
313,1CONCI,Mining & Materials,Skip Petrovich,2020-03-05,410.0,7043.9,11/01/1999,Kent,609544.0,910110.0,1601574.0,0.421
314,1COAST,Manufacturing,Kelly Hoek,2019-12-20,411.0,6963.3,5/10/2011,Ottawa,267017.0,344342.0,825673.0,0.309
315,1MANCT,Transportation,Jessica Spindler,2018-12-13,413.0,6902.15,6/16/2014,Manistee,24626.0,32787.0,62275.0,0.39
316,7MANPO,Law Enforcement,Jessica Spindler,2019-10-28,415.0,6821.57,11/01/1999,Manistee,24626.0,32787.0,62275.0,0.39
317,1MUSCS,Law Enforcement,Pat McBride,2019-10-04,416.0,6777.12,11/01/1999,Muskegon,171153.0,67069.0,281690.0,0.176
318,1GTBBI,Government Services,Jessica Spindler,,417.0,6756.14,7/28/2003,Leelanau,21682.0,967.0,47091.0,0.015
319,1OGEDS,Law Enforcement,Jessica Spindler,2018-03-02,418.0,6754.0,8/14/2003,Ogemaw,21537.0,7098.0,39112.0,0.134
320,1GVSTU,Colleges & Universities,Kelly Hoek,2016-12-22,420.0,6705.99,5/04/2006,Ottawa,267017.0,344342.0,825673.0,0.309
321,1NICFD,Fire & EMS,Tom Gillespie,2020-02-14,421.0,6698.13,7/27/2007,Berrien,156290.0,200519.0,510290.0,0.291
322,1HARFI,Fire & EMS,Pat McBride,2019-02-15,422.0,6666.09,11/01/1999,Oceana,26456.0,25212.0,52020.0,0.359
323,1CRASD,K12 Education,Jessica Spindler,2020-03-09,425.0,6541.93,10/16/2013,Crawford,14017.0,32200.0,5375.0,4.437
324,1MASCE,K12 Education,Keith Johnson,,426.0,6500.58,11/01/1999,Mason,28648.0,43119.0,88198.0,0.362
325,1CALCO,Colleges & Universities,Pat McBride,2017-10-06,427.0,6480.23,11/01/1999,Kent,609544.0,910110.0,1601574.0,0.421
326,1GEDYM,Manufacturing,Pat McBride,2019-02-01,428.0,6447.33,5/22/2002,Muskegon,171153.0,67069.0,281690.0,0.176
327,4PAWPD,Law Enforcement,Tom Gillespie,,430.0,6406.66,11/01/1999,Van Buren,75897.0,57568.0,165946.0,0.257
328,1ZEEAO,Government Services,Keith Johnson,2019-09-26,431.0,6404.04,11/01/1999,Ottawa,267017.0,344342.0,825673.0,0.309
329,7WEYER,Manufacturing,Jessica Spindler,2017-12-06,434.0,6313.9,11/01/1999,Crawford,14017.0,32200.0,5375.0,4.437
330,1FOUFD,Fire & EMS,Pat McBride,2019-07-26,435.0,6310.5,3/26/2004,Mason,28648.0,43119.0,88198.0,0.362
331,1WOOMA,Hospitality,Skip Petrovich,2019-09-26,436.0,6261.24,11/01/1999,Kent,609544.0,910110.0,1601574.0,0.421
332,1COORE,Fire & EMS,Keith Johnson,2019-02-22,437.0,6148.34,3/05/2007,Ottawa,267017.0,344342.0,825673.0,0.309
333,4NEWFD,Fire & EMS,Tom Gillespie,2019-11-27,438.0,6095.65,9/23/2003,Berrien,156290.0,200519.0,510290.0,0.291
334,7CEDFD,Fire & EMS,Jessica Spindler,2019-11-15,439.0,6052.89,11/01/1999,Leelanau,21682.0,967.0,47091.0,0.015
335,7BENCS,911 & Dispatch,Jessica Spindler,2019-07-29,440.0,6049.34,11/01/1999,Benzie,17474.0,101.0,38197.0,0.002
336,1ROYTO,Fire & EMS,Tom Gillespie,2020-02-14,442.0,6011.37,9/13/2001,Berrien,156290.0,200519.0,510290.0,0.291
337,1LOCGC,Hospitality,Jessica Spindler,2017-10-30,444.0,5963.26,6/18/2003,Grand Traverse,88182.0,59666.0,215459.0,0.205
338,1WELLP,Manufacturing,Tom Gillespie,2016-10-21,447.0,5892.42,1/26/2011,,,,,
339,7MISCR,Government Services,Jessica Spindler,2018-02-28,448.0,5842.93,11/01/1999,Missaukee,14940.0,12594.0,39321.0,0.237
340,1MNATS,Services & Training,Skip Petrovich,2019-08-29,449.0,5804.99,4/22/2019,Kent,609544.0,910110.0,1601574.0,0.421
341,1BYRCM,Manufacturing,Skip Petrovich,2018-08-31,450.0,5722.78,7/17/2008,Kent,609544.0,910110.0,1601574.0,0.421
342,1GRHAT,Government Services,Keith Johnson,2019-11-22,451.0,5698.43,9/29/2008,Ottawa,267017.0,344342.0,825673.0,0.309
343,1FLEMS,Fire & EMS,Jessica Spindler,2019-07-12,453.0,5677.93,1/29/2014,Kalkaska,17142.0,1199.0,24913.0,0.036
344,1ROCFD,Law Enforcement,Keith Johnson,2020-03-13,454.0,5661.26,11/01/1999,Kent,609544.0,910110.0,1601574.0,0.421
345,1HUIGR,Mining & Materials,Kelly Hoek,2019-10-25,455.0,5657.3,11/01/1999,Ottawa,267017.0,344342.0,825673.0,0.309
346,1ALPEF,Fire & EMS,Jessica Spindler,2019-10-09,456.0,5633.2,10/13/2006,Alpena,29399.0,5013.0,50657.0,0.073
347,4WATFD,Fire & EMS,Tom Gillespie,2020-02-14,458.0,5628.37,11/01/1999,Berrien,156290.0,200519.0,510290.0,0.291
348,1FENFD,Fire & EMS,Keith Johnson,2019-12-20,460.0,5537.85,11/01/1999,Allegan,111742.0,64023.0,318656.0,0.149
349,7EASTB,Fire & EMS,Jessica Spindler,2019-08-09,461.0,5534.05,6/18/2012,Grand Traverse,88182.0,59666.0,215459.0,0.205
350,7PETOW,Transportation,Jessica Spindler,2019-06-28,462.0,5483.29,11/01/1999,Wexford,32690.0,10286.0,67091.0,0.114
351,1WMSPC,Services & Training,Skip Petrovich,2017-10-20,463.0,5391.28,10/05/2017,Kent,609544.0,910110.0,1601574.0,0.421
352,1DIETE,Manufacturing,Skip Petrovich,,464.0,5361.16,11/01/1999,Oakland,,,,
353,1GEOSC,Transportation,Keith Johnson,2019-08-09,466.0,5301.0,12/29/2006,Ottawa,267017.0,344342.0,825673.0,0.309
354,7SUTFR,Fire & EMS,Jessica Spindler,2019-05-17,467.0,5289.43,1/26/2010,Leelanau,21682.0,967.0,47091.0,0.015
355,4SMCAS,Fire & EMS,Tom Gillespie,2020-02-14,468.0,5226.21,9/29/2008,Berrien,156290.0,200519.0,510290.0,0.291
356,1MKGFI,Fire & EMS,Pat McBride,,469.0,5225.87,9/29/2008,Muskegon,171153.0,67069.0,281690.0,0.176
357,1UNIFC,Manufacturing,Kelly Hoek,2018-10-24,473.0,5100.41,9/21/2005,Ottawa,267017.0,344342.0,825673.0,0.309
358,1WETEC,Telecommunications,Kelly Hoek,2019-04-05,474.0,5068.23,11/01/1999,Ottawa,267017.0,344342.0,825673.0,0.309
359,7CHACS,Law Enforcement,Jessica Spindler,2020-02-07,476.0,5033.27,11/01/1999,Charlevoix,26030.0,17782.0,68747.0,0.192
360,1PRTRE,Construction,Kelly Hoek,2017-10-13,479.0,4992.53,9/29/2008,Ottawa,267017.0,344342.0,825673.0,0.309
361,1FHTWP,Law Enforcement,Jessica Spindler,2019-12-27,480.0,4978.0,9/24/2019,Huron,,,,
362,7GTDET,Law Enforcement,Jessica Spindler,2020-02-21,482.0,4940.95,11/01/1999,Grand Traverse,88182.0,59666.0,215459.0,0.205
363,1EDWLF,Services & Training,Tom Gillespie,,483.0,4923.89,11/01/1999,Cass,52212.0,11995.0,121875.0,0.073
364,4BARFD,Fire & EMS,Tom Gillespie,2020-02-14,484.0,4883.81,11/01/1999,Berrien,156290.0,200519.0,510290.0,0.291
365,1SCHIP,Agriculture,Kelly Hoek,2017-11-22,485.0,4877.98,2/18/2011,Ottawa,267017.0,344342.0,825673.0,0.309
366,1GRRPS,911 & Dispatch,Pat McBride,,486.0,4841.44,11/04/2013,Kent,609544.0,910110.0,1601574.0,0.421
367,1BROKR,Services & Training,Tom Gillespie,2019-03-25,487.0,4829.21,1/16/2019,St. Joseph,,,,
368,1AXIUM,Manufacturing,Tom Gillespie,2019-11-08,488.0,4806.33,5/08/2017,Cass,52212.0,11995.0,121875.0,0.073
369,1MUSHH,Government Services,Pat McBride,2019-10-25,489.0,4790.25,10/10/2008,Muskegon,171153.0,67069.0,281690.0,0.176
370,7HOLIN,Hospitality,Jessica Spindler,2017-07-28,490.0,4785.96,6/17/2004,Grand Traverse,88182.0,59666.0,215459.0,0.205
371,7GRATM,Retail,Jessica Spindler,2018-03-23,491.0,4742.56,11/01/1999,,,,,
372,1LUDFD,Fire & EMS,Keith Johnson,2018-02-23,495.0,4568.03,11/01/1999,Mason,28648.0,43119.0,88198.0,0.362
373,1MASCC,K12 Education,Keith Johnson,2020-03-15,496.0,4534.01,11/01/1999,Mason,28648.0,43119.0,88198.0,0.362
374,1CONFD,Fire & EMS,Tom Gillespie,2019-07-03,500.0,4490.83,12/29/2010,St. Joseph,,,,
375,1PERMT,Government Services,Keith Johnson,2020-03-24,504.0,4413.48,11/01/1999,Mason,28648.0,43119.0,88198.0,0.362
376,1HANBT,Manufacturing,Skip Petrovich,2020-02-14,505.0,4408.44,11/01/1999,Kent,609544.0,910110.0,1601574.0,0.421
377,1WMUPS,Colleges & Universities,Tom Gillespie,2019-07-26,506.0,4375.2,7/01/2002,Kalamazoo,252763.0,544949.0,1117141.0,0.361
378,4HAGTF,Fire & EMS,Tom Gillespie,2020-02-14,508.0,4301.25,11/01/1999,Berrien,156290.0,200519.0,510290.0,0.291
379,1MUSFD,Government Services,Pat McBride,2020-01-24,509.0,4294.38,11/01/1999,Muskegon,171153.0,67069.0,281690.0,0.176
380,1WEEFD,Fire & EMS,Tom Gillespie,2020-02-14,510.0,4289.2,7/27/2007,Berrien,156290.0,200519.0,510290.0,0.291
381,7PELRA,Transportation,Jessica Spindler,2017-12-19,512.0,4266.0,11/01/1999,Emmet,32858.0,14103.0,80040.0,0.131
382,7NORCM,Colleges & Universities,Jessica Spindler,2019-12-23,514.0,4151.0,11/01/1999,Emmet,32858.0,14103.0,80040.0,0.131
383,1LTWPS,Government Services,Jessica Spindler,2019-12-27,515.0,4129.76,11/21/2018,Leelanau,21682.0,967.0,47091.0,0.015
384,1WOLPI,Utilities,Tom Gillespie,2020-04-30,517.0,4073.9,9/29/2008,Berrien,156290.0,200519.0,510290.0,0.291
385,1BURMA,Mining & Materials,Skip Petrovich,2019-04-18,518.0,4072.31,8/12/2002,Ionia,63909.0,81003.0,154685.0,0.388
386,7COMMH,Healthcare,Jessica Spindler,2020-02-18,520.0,4010.71,11/01/1999,Emmet,32858.0,14103.0,80040.0,0.131
387,1COOPT,Fire & EMS,Keith Johnson,2019-03-22,524.0,3937.15,11/01/1999,Ottawa,267017.0,344342.0,825673.0,0.309
388,1SANLF,Fire & EMS,Keith Johnson,2016-03-30,525.0,3936.03,11/01/1999,Kent,609544.0,910110.0,1601574.0,0.421
389,1MPLXE,Oil & Gas,Pat McBride,2017-08-18,526.0,3923.75,8/08/2017,,,,,
390,1LEIFD,Fire & EMS,Keith Johnson,2019-11-08,528.0,3907.0,11/01/1999,Allegan,111742.0,64023.0,318656.0,0.149
391,1NWHAR,Manufacturing,Jessica Spindler,2020-04-16,529.0,3905.65,4/11/2018,Montmorency,9598.0,4814.0,16068.0,0.222
392,4BERFD,Fire & EMS,Tom Gillespie,2020-02-14,533.0,3827.5,7/27/2007,Berrien,156290.0,200519.0,510290.0,0.291
393,4THOFD,Fire & EMS,Tom Gillespie,2020-02-14,534.0,3826.62,11/01/1999,Berrien,156290.0,200519.0,510290.0,0.291
394,1MEIWA,Retail,Skip Petrovich,2016-03-30,535.0,3824.76,9/29/2008,Kent,609544.0,910110.0,1601574.0,0.421
395,1NUGEN,Mining & Materials,Kelly Hoek,2019-10-11,537.0,3793.51,2/09/2017,Muskegon,171153.0,67069.0,281690.0,0.176
396,7PETFC,Hospitality,Jessica Spindler,2017-02-16,539.0,3773.49,11/01/1999,Emmet,32858.0,14103.0,80040.0,0.131
397,1JENNA,Hospitality,Tom Gillespie,2019-10-31,541.0,3743.12,6/05/2013,,,,,
398,4BENHS,K12 Education,Tom Gillespie,2017-03-10,542.0,3733.0,11/01/1999,Berrien,156290.0,200519.0,510290.0,0.291
399,1HOMBS,Construction,Tom Gillespie,2016-07-22,543.0,3721.58,4/28/2015,,,,,
400,1DENTO,Fire & EMS,Jessica Spindler,2020-04-30,544.0,3696.86,10/09/2015,Roscommon,24281.0,21195.0,55477.0,0.283
401,1LIGEC,K12 Education,Tom Gillespie,2019-11-08,548.0,3567.1,10/16/2008,Berrien,156290.0,200519.0,510290.0,0.291
402,1BLAIR,Fire & EMS,Jessica Spindler,2019-06-14,552.0,3510.4,6/26/2013,Grand Traverse,88182.0,59666.0,215459.0,0.205
403,1PARKW,Utilities,Kelly Hoek,2020-02-19,555.0,3484.43,6/04/2004,Ottawa,267017.0,344342.0,825673.0,0.309
404,1USOIL,Oil & Gas,Jessica Spindler,,557.0,3461.36,2/19/2019,Cheboygan,25985.0,35187.0,64817.0,0.402
405,1MSPGR,Law Enforcement,Pat McBride,2020-02-21,560.0,3437.87,1/08/2010,Kent,609544.0,910110.0,1601574.0,0.421
406,7REDPO,Agriculture,Jessica Spindler,2020-03-19,561.0,3420.77,11/01/1999,Leelanau,21682.0,967.0,47091.0,0.015
407,7GRAAS,Retail,Jessica Spindler,2017-06-20,562.0,3420.44,11/01/1999,Cheboygan,25985.0,35187.0,64817.0,0.402
408,1SALEM,Fire & EMS,Keith Johnson,2019-10-17,563.0,3412.85,1/31/2007,Allegan,111742.0,64023.0,318656.0,0.149
409,1CPCTY,Transportation,Skip Petrovich,2015-09-25,564.0,3394.69,6/18/2015,Ingham,,,,
410,1SUSPA,Manufacturing,Skip Petrovich,2019-09-30,566.0,3365.79,9/14/2004,Ottawa,267017.0,344342.0,825673.0,0.309
411,4BENAO,Government Services,Tom Gillespie,,567.0,3360.6,11/01/1999,Berrien,156290.0,200519.0,510290.0,0.291
412,3GRTWF,Fire & EMS,Pat McBride,2019-05-31,570.0,3351.34,11/01/1999,Oceana,26456.0,25212.0,52020.0,0.359
413,1ELLIS,Services & Training,Skip Petrovich,,571.0,3348.62,2/12/2014,Kent,609544.0,910110.0,1601574.0,0.421
414,1NEWHB,Warehousing,Kelly Hoek,2016-12-22,572.0,3339.5,12/03/2012,Ottawa,267017.0,344342.0,825673.0,0.309
415,1DMEAT,Manufacturing,Kelly Hoek,2018-07-18,573.0,3338.35,7/12/2018,Ottawa,267017.0,344342.0,825673.0,0.309
416,7WEXSA,Mining & Materials,Jessica Spindler,2018-09-25,574.0,3269.2,4/16/2009,Wexford,32690.0,10286.0,67091.0,0.114
417,7ALVFD,Fire & EMS,Jessica Spindler,2019-10-25,575.0,3232.0,11/01/1999,Cheboygan,25985.0,35187.0,64817.0,0.402
418,1GUNFD,Fire & EMS,Keith Johnson,2019-11-22,576.0,3221.59,12/19/2012,Allegan,111742.0,64023.0,318656.0,0.149
419,1ROSFD,Fire & EMS,Jessica Spindler,2019-02-15,577.0,3206.8,2/28/2018,Roscommon,24281.0,21195.0,55477.0,0.283
420,1GANTF,Fire & EMS,Keith Johnson,2019-11-22,578.0,3185.8,10/05/2012,Allegan,111742.0,64023.0,318656.0,0.149
421,1COUTF,Fire & EMS,Pat McBride,2020-03-06,579.0,3141.85,11/01/1999,Kent,609544.0,910110.0,1601574.0,0.421
422,1GLEFD,Fire & EMS,Jessica Spindler,2017-07-28,583.0,3074.83,10/10/2012,Leelanau,21682.0,967.0,47091.0,0.015
423,1CHITF,Fire & EMS,Tom Gillespie,2020-02-14,584.0,3066.12,11/01/1999,Berrien,156290.0,200519.0,510290.0,0.291
424,1BNATC,Services & Training,Skip Petrovich,2019-04-18,585.0,3065.3,6/14/2018,Kent,609544.0,910110.0,1601574.0,0.421
425,1FRESO,Fire & EMS,Pat McBride,,586.0,3041.5,4/04/2008,Mason,28648.0,43119.0,88198.0,0.362
426,1ADABC,Religious Institutions,Pat McBride,2018-05-25,589.0,2967.2,11/01/1999,Kent,609544.0,910110.0,1601574.0,0.421
427,4GALFD,Fire & EMS,Tom Gillespie,2020-02-14,590.0,2962.29,5/28/2004,Berrien,156290.0,200519.0,510290.0,0.291
428,1PENFD,Fire & EMS,Keith Johnson,2018-09-27,591.0,2957.16,11/01/1999,Oceana,26456.0,25212.0,52020.0,0.359
429,4KEEFD,Fire & EMS,Tom Gillespie,,594.0,2944.9,11/01/1999,Van Buren,75897.0,57568.0,165946.0,0.257
430,1GRAPD,Law Enforcement,Pat McBride,2017-02-10,595.0,2939.62,11/01/1999,Kent,609544.0,910110.0,1601574.0,0.421
431,1MORCH,Religious Institutions,Kelly Hoek,2017-10-31,596.0,2925.4,9/12/2017,Ottawa,267017.0,344342.0,825673.0,0.309
432,7ELMTF,Fire & EMS,Jessica Spindler,2018-11-09,597.0,2870.03,12/28/2012,Grand Traverse,88182.0,59666.0,215459.0,0.205
433,1HACRC,Religious Institutions,Kelly Hoek,2020-03-21,598.0,2857.5,8/24/2017,,,,,
434,1GEORG,Government Services,Keith Johnson,2020-05-08,601.0,2767.76,11/01/1999,Ottawa,267017.0,344342.0,825673.0,0.309
435,1BANPD,Law Enforcement,Tom Gillespie,2020-03-05,603.0,2742.93,2/05/2001,Van Buren,75897.0,57568.0,165946.0,0.257
436,1SPWIL,Hospitality,Kelly Hoek,2018-03-30,604.0,2741.45,1/11/2018,Allegan,111742.0,64023.0,318656.0,0.149
437,1REDLI,Security,Pat McBride,2019-09-20,605.0,2734.45,11/15/2017,Kent,609544.0,910110.0,1601574.0,0.421
438,1USPOS,Government Services,Skip Petrovich,2019-04-30,606.0,2721.7,11/01/1999,Kent,609544.0,910110.0,1601574.0,0.421
439,1WCBCH,Religious Institutions,Pat McBride,2018-07-18,607.0,2719.3,6/14/2018,Kent,609544.0,910110.0,1601574.0,0.421
440,1BOYGC,K12 Education,Kelly Hoek,2020-02-14,608.0,2712.23,10/23/2003,Ottawa,267017.0,344342.0,825673.0,0.309
441,1WALSC,K12 Education,Pat McBride,2020-03-13,609.0,2697.5,11/01/1999,Oceana,26456.0,25212.0,52020.0,0.359
442,4BENTF,Fire & EMS,Tom Gillespie,2020-02-14,610.0,2672.0,7/27/2007,Berrien,156290.0,200519.0,510290.0,0.291
443,7EJAMB,Government Services,Jessica Spindler,2017-07-21,611.0,2660.05,11/01/1999,Charlevoix,26030.0,17782.0,68747.0,0.192
444,1FERFD,Fire & EMS,Keith Johnson,2020-04-30,613.0,2627.61,11/01/1999,Ottawa,267017.0,344342.0,825673.0,0.309
445,1WEDCH,K12 Education,Skip Petrovich,2019-12-13,615.0,2598.5,11/01/1999,Kent,609544.0,910110.0,1601574.0,0.421
446,1INTTA,Transportation,Keith Johnson,,617.0,2586.47,11/26/2003,Allegan,111742.0,64023.0,318656.0,0.149
447,1HALAD,Construction,Kelly Hoek,2018-01-19,620.0,2445.15,8/07/2017,,,,,
448,1OTRCH,Religious Institutions,Kelly Hoek,2019-05-17,622.0,2428.5,4/11/2019,Ottawa,267017.0,344342.0,825673.0,0.309
449,1CRANH,Hospitality,Pat McBride,2017-06-21,623.0,2415.1,4/04/2006,Mecosta,,,,
450,1SEMCO,Utilities,Kelly Hoek,2020-04-30,624.0,2410.24,9/29/2008,Ottawa,267017.0,344342.0,825673.0,0.309
451,1ALLCE,Government Services,Keith Johnson,,626.0,2400.0,11/01/1999,Allegan,111742.0,64023.0,318656.0,0.149
452,1DEHGR,Agriculture,Skip Petrovich,2019-11-08,628.0,2383.6,3/08/2004,Kent,609544.0,910110.0,1601574.0,0.421
453,1HUDPS,K12 Education,Keith Johnson,2019-09-06,630.0,2363.0,1/21/2013,Ottawa,267017.0,344342.0,825673.0,0.309
454,1HARVI,Hospitality,Tom Gillespie,2018-06-22,631.0,2359.65,5/05/2014,Berrien,156290.0,200519.0,510290.0,0.291
455,1ZEECH,Healthcare,Keith Johnson,2018-11-09,632.0,2351.83,11/01/1999,Ottawa,267017.0,344342.0,825673.0,0.309
456,1BCHRC,Religious Institutions,Kelly Hoek,2019-12-05,633.0,2349.0,11/12/2019,Ottawa,267017.0,344342.0,825673.0,0.309
457,1EGLFD,Fire & EMS,Jessica Spindler,2018-12-11,635.0,2327.26,5/08/2018,Presque Isle,13234.0,20155.0,26844.0,0.556
458,1VANFR,Government Services,Tom Gillespie,2017-02-28,636.0,2314.19,9/11/2002,Van Buren,75897.0,57568.0,165946.0,0.257
459,7WEQUE,Property Management,Jessica Spindler,2018-07-11,637.0,2305.5,12/27/2012,Emmet,32858.0,14103.0,80040.0,0.131
460,1WAYFD,Fire & EMS,Keith Johnson,2018-12-21,638.0,2290.0,11/01/1999,Allegan,111742.0,64023.0,318656.0,0.149
461,1HOTRI,Utilities,Jessica Spindler,2020-04-30,640.0,2260.24,10/18/2018,Ionia,63909.0,81003.0,154685.0,0.388
462,1QCQFD,Fire & EMS,Jessica Spindler,2019-10-31,644.0,2170.8,3/15/2004,Presque Isle,13234.0,20155.0,26844.0,0.556
463,1WEMIT,Transportation,Kelly Hoek,2017-08-25,646.0,2147.0,3/24/2014,Ottawa,267017.0,344342.0,825673.0,0.309
464,1KNOLL,Hospitality,Tom Gillespie,2015-09-04,648.0,2126.71,6/28/2011,,,,,
465,1GRAYL,Government Services,Jessica Spindler,,649.0,2125.25,12/04/2015,Crawford,14017.0,32200.0,5375.0,4.437
466,1LEWFD,Fire & EMS,Jessica Spindler,2019-04-19,651.0,2095.58,6/16/2014,Montmorency,9598.0,4814.0,16068.0,0.222
467,1NORSH,Government Services,Pat McBride,2017-04-21,654.0,2070.51,11/01/1999,Muskegon,171153.0,67069.0,281690.0,0.176
468,1ROGFD,Fire & EMS,Jessica Spindler,2020-03-09,655.0,2066.0,7/28/2014,Presque Isle,13234.0,20155.0,26844.0,0.556
469,3BELPD,Law Enforcement,Jessica Spindler,2018-09-13,656.0,2050.41,6/04/2007,Antrim,23504.0,4959.0,51231.0,0.072
470,1HOPFD,Fire & EMS,Keith Johnson,2020-01-31,657.0,2029.0,11/01/1999,Allegan,111742.0,64023.0,318656.0,0.149
471,1ALLPS,K12 Education,Keith Johnson,,661.0,1983.0,11/01/1999,Allegan,111742.0,64023.0,318656.0,0.149
472,7CECFD,Fire & EMS,Jessica Spindler,2016-06-30,662.0,1976.0,9/29/2008,Wexford,32690.0,10286.0,67091.0,0.114
473,1OTSBS,Transportation,Jessica Spindler,2019-09-30,663.0,1971.95,10/07/2013,Otsego,24127.0,11595.0,63870.0,0.134
474,1ROCPS,K12 Education,Keith Johnson,2019-11-22,665.0,1945.31,9/29/2008,Kent,609544.0,910110.0,1601574.0,0.421
475,1BIRCH,Hospitality,Jessica Spindler,2018-05-23,666.0,1944.14,1/09/2013,Emmet,32858.0,14103.0,80040.0,0.131
476,7GTCAC,Government Services,Jessica Spindler,2020-02-28,667.0,1938.34,11/01/1999,Grand Traverse,88182.0,59666.0,215459.0,0.205
477,1GENST,Manufacturing,Kelly Hoek,2017-07-28,671.0,1922.79,11/01/1999,Ottawa,267017.0,344342.0,825673.0,0.309
478,1PALIS,Manufacturing,Tom Gillespie,2015-12-23,672.0,1919.7,4/26/2010,Van Buren,75897.0,57568.0,165946.0,0.257
479,1MIPAP,Law Enforcement,Tom Gillespie,2019-12-05,673.0,1910.61,9/23/2002,Van Buren,75897.0,57568.0,165946.0,0.257
480,1AMBFD,Fire & EMS,Keith Johnson,2015-11-25,678.0,1851.76,12/10/2004,Montcalm,,,,
481,1STIGN,Government Services,Jessica Spindler,2019-10-25,680.0,1834.8,3/27/2019,Mackinac,,,,
482,1DAYTC,Hospitality,Jessica Spindler,2019-05-30,681.0,1832.5,11/01/1999,Grand Traverse,88182.0,59666.0,215459.0,0.205
483,1CEDFD,Fire & EMS,Keith Johnson,2020-02-14,683.0,1800.0,12/04/2013,Kent,609544.0,910110.0,1601574.0,0.421
484,1FRANK,Fire & EMS,Jessica Spindler,2019-05-24,685.0,1796.78,2/17/2009,Benzie,17474.0,101.0,38197.0,0.002
485,1CALFR,Fire & EMS,Skip Petrovich,2020-04-24,687.0,1788.61,5/10/2013,Kent,609544.0,910110.0,1601574.0,0.421
486,4LAKEL,Healthcare,Tom Gillespie,2020-03-21,689.0,1782.0,11/01/1999,Berrien,156290.0,200519.0,510290.0,0.291
487,1DUTFD,Fire & EMS,Skip Petrovich,2018-07-19,691.0,1749.42,11/01/1999,Kent,609544.0,910110.0,1601574.0,0.421
488,3PLAMA,Agriculture,Jessica Spindler,2020-03-19,692.0,1745.0,1/24/2005,Leelanau,21682.0,967.0,47091.0,0.015
489,1TRIRC,Hospitality,Jessica Spindler,2016-06-17,693.0,1737.41,8/17/2006,Antrim,23504.0,4959.0,51231.0,0.072
490,4BERPD,Government Services,Tom Gillespie,2018-09-11,696.0,1712.43,4/10/2013,Berrien,156290.0,200519.0,510290.0,0.291
491,1MTWFD,Fire & EMS,Keith Johnson,2020-03-06,697.0,1709.94,8/02/2018,Allegan,111742.0,64023.0,318656.0,0.149
492,1WYOWT,Government Services,Keith Johnson,,698.0,1700.0,11/01/1999,Ottawa,267017.0,344342.0,825673.0,0.309
493,1BRIFD,Fire & EMS,Tom Gillespie,2017-02-17,699.0,1694.3,2/09/2012,,,,,
494,4STJTO,Government Services,Tom Gillespie,2019-05-24,700.0,1689.79,11/01/1999,Berrien,156290.0,200519.0,510290.0,0.291
495,7CHEPS,Law Enforcement,Jessica Spindler,,701.0,1688.56,6/26/2003,Cheboygan,25985.0,35187.0,64817.0,0.402
496,4LAKTW,Government Services,Tom Gillespie,2020-03-31,706.0,1663.28,11/01/1999,Berrien,156290.0,200519.0,510290.0,0.291
497,1LELFR,Fire & EMS,Jessica Spindler,2018-10-24,707.0,1661.92,3/02/2012,Leelanau,21682.0,967.0,47091.0,0.015
498,1WMISP,Hospitality,Skip Petrovich,,708.0,1660.92,9/25/2019,Kent,609544.0,910110.0,1601574.0,0.421
499,4HAWGO,Hospitality,Tom Gillespie,2018-03-09,711.0,1631.85,11/01/1999,Van Buren,75897.0,57568.0,165946.0,0.257
500,1OTSFD,Fire & EMS,Keith Johnson,2020-02-07,712.0,1629.47,11/01/1999,Allegan,111742.0,64023.0,318656.0,0.149
501,4USMAR,Government Services,Pat McBride,,713.0,1629.0,8/16/2011,Genesee,,,,
502,1MICAT,Construction,Jessica Spindler,2019-09-13,715.0,1619.34,2/11/2015,Oakland,,,,
503,4BERTC,Government Services,Tom Gillespie,2018-10-19,717.0,1586.22,1/31/2006,Berrien,156290.0,200519.0,510290.0,0.291
504,1FNDCH,Religious Institutions,Kelly Hoek,2019-11-30,718.0,1578.1,11/18/2019,Ottawa,267017.0,344342.0,825673.0,0.309
505,1COLIS,Construction,Pat McBride,2019-11-22,719.0,1574.42,11/01/1999,Mason,28648.0,43119.0,88198.0,0.362
506,1NHOPE,Religious Institutions,Skip Petrovich,2018-12-21,720.0,1563.1,11/13/2018,Kent,609544.0,910110.0,1601574.0,0.421
507,4POPOD,Law Enforcement,Tom Gillespie,2019-02-07,721.0,1547.9,1/18/2007,Kalamazoo,252763.0,544949.0,1117141.0,0.361
508,1NORCT,Agriculture,Kelly Hoek,2019-05-17,726.0,1487.19,11/01/1999,Ottawa,267017.0,344342.0,825673.0,0.309
509,1POSFA,Fire & EMS,Jessica Spindler,2019-02-11,727.0,1485.5,3/08/2018,Presque Isle,13234.0,20155.0,26844.0,0.556
510,1RIVER,Services & Training,Skip Petrovich,2019-10-17,728.0,1478.0,11/01/1999,,,,,
511,1CISAG,Government Services,Pat McBride,2019-01-15,732.0,1464.87,1/31/2018,Saginaw,,,,
512,1HOUCS,K12 Education,Jessica Spindler,2019-10-11,734.0,1444.81,9/17/2013,Roscommon,24281.0,21195.0,55477.0,0.283
513,1MILPR,Services & Training,Skip Petrovich,2020-02-28,735.0,1441.2,12/02/2008,Wayne,,,,
514,1SOUND,Manufacturing,Kelly Hoek,,736.0,1432.64,9/20/2010,Ottawa,267017.0,344342.0,825673.0,0.309
515,1PKCRC,Religious Institutions,Kelly Hoek,2019-03-29,737.0,1421.21,2/27/2019,Ottawa,267017.0,344342.0,825673.0,0.309
516,1PLAFD,Fire & EMS,Pat McBride,2020-02-14,740.0,1409.66,11/01/1999,Kent,609544.0,910110.0,1601574.0,0.421
517,1MERHC,Healthcare,Jessica Spindler,2020-03-12,741.0,1394.52,11/01/1999,Grand Traverse,88182.0,59666.0,215459.0,0.205
518,1ROSCT,Government Services,Jessica Spindler,2017-05-17,744.0,1351.2,8/08/2014,Roscommon,24281.0,21195.0,55477.0,0.283
519,1BEALT,Fire & EMS,Jessica Spindler,2017-08-31,745.0,1347.6,2/17/2014,Kalkaska,17142.0,1199.0,24913.0,0.036
520,1HAISS,Property Management,Pat McBride,2018-12-21,748.0,1323.41,9/13/2007,Muskegon,171153.0,67069.0,281690.0,0.176
521,1HOLSE,Services & Training,Kelly Hoek,,749.0,1319.73,11/01/1999,,,,,
522,1USPS,Government Services,Jessica Spindler,,750.0,1313.61,8/15/2007,,,,,
523,1HOULAK,Fire & EMS,Jessica Spindler,2017-10-13,751.0,1301.0,8/24/2017,Roscommon,24281.0,21195.0,55477.0,0.283
524,1CHEMS,Fire & EMS,Jessica Spindler,2020-04-30,753.0,1296.93,5/31/2019,Charlevoix,26030.0,17782.0,68747.0,0.192
525,1ALLDBP,Retail,Skip Petrovich,2015-03-27,754.0,1281.79,3/03/2015,,,,,
526,1RICPS,Law Enforcement,Jessica Spindler,,755.0,1277.32,2/25/2014,Roscommon,24281.0,21195.0,55477.0,0.283
527,1PETPL,Manufacturing,Jessica Spindler,,756.0,1275.19,6/22/2017,,,,,
528,1HEMIL,Manufacturing,Kelly Hoek,,757.0,1274.45,4/14/2006,Ottawa,267017.0,344342.0,825673.0,0.309
529,1ALPSH,Law Enforcement,Jessica Spindler,2019-10-31,758.0,1273.5,4/10/2014,Alpena,29399.0,5013.0,50657.0,0.073
530,1CLYTW,Government Services,Keith Johnson,2018-08-17,759.0,1263.95,7/24/2018,Allegan,111742.0,64023.0,318656.0,0.149
531,1CHALM,Manufacturing,Kelly Hoek,2020-03-21,760.0,1252.92,11/25/2019,Kent,609544.0,910110.0,1601574.0,0.421
532,1VACSC,Construction,Skip Petrovich,2018-09-18,761.0,1246.38,8/21/2018,Kent,609544.0,910110.0,1601574.0,0.421
533,1CANAD,Fire & EMS,Jessica Spindler,2016-09-08,762.0,1244.83,6/16/2014,Montmorency,9598.0,4814.0,16068.0,0.222
534,1TSTEL,Manufacturing,Kelly Hoek,2020-01-24,763.0,1240.2,11/13/2019,Ottawa,267017.0,344342.0,825673.0,0.309
535,1ROEMO,Government Services,Jessica Spindler,2016-03-11,764.0,1230.0,9/16/2013,Roscommon,24281.0,21195.0,55477.0,0.283
536,7BCTFD,Fire & EMS,Jessica Spindler,2016-12-09,766.0,1227.7,11/01/1999,Emmet,32858.0,14103.0,80040.0,0.131
537,1OAKTF,Fire & EMS,Pat McBride,2019-04-05,767.0,1226.87,11/01/1999,Kent,609544.0,910110.0,1601574.0,0.421
538,1FARCO,Agriculture,Kelly Hoek,2019-09-20,771.0,1200.38,3/14/2018,Ottawa,267017.0,344342.0,825673.0,0.309
539,1HESFD,Fire & EMS,Pat McBride,2018-10-12,774.0,1177.8,11/01/1999,Oceana,26456.0,25212.0,52020.0,0.359
540,1ODLCO,Manufacturing,Kelly Hoek,2019-11-08,775.0,1172.67,11/01/1999,Ottawa,267017.0,344342.0,825673.0,0.309
541,1HAWCL,Hospitality,Kelly Hoek,2018-05-18,776.0,1171.99,11/01/1999,Ottawa,267017.0,344342.0,825673.0,0.309
542,1ANMAA,Hospitality,Kelly Hoek,2017-08-04,779.0,1150.56,6/07/2001,Ottawa,267017.0,344342.0,825673.0,0.309
543,4RIVTP,Hospitality,Tom Gillespie,2015-10-23,783.0,1068.5,11/01/1999,Berrien,156290.0,200519.0,510290.0,0.291
544,1NEWFD,Fire & EMS,Tom Gillespie,,785.0,1033.49,7/27/2007,Berrien,156290.0,200519.0,510290.0,0.291
545,1HOMET,Fire & EMS,Pat McBride,2018-06-06,787.0,1030.22,6/28/2006,Montcalm,,,,
546,7ROSPS,K12 Education,Jessica Spindler,2013-05-31,788.0,1022.63,3/14/2012,Roscommon,24281.0,21195.0,55477.0,0.283
547,1GTYMC,Hospitality,Jessica Spindler,,789.0,1021.16,12/05/2014,Grand Traverse,88182.0,59666.0,215459.0,0.205
548,1GRSTS,Government Services,Skip Petrovich,,790.0,1012.44,6/02/2009,Kent,609544.0,910110.0,1601574.0,0.421
549,7GTCEM,Fire & EMS,Jessica Spindler,,793.0,982.74,2/16/2005,Grand Traverse,88182.0,59666.0,215459.0,0.205
550,3GRAHP,Law Enforcement,Keith Johnson,2016-10-28,794.0,978.91,11/01/1999,Ottawa,267017.0,344342.0,825673.0,0.309
551,7COLTF,Fire & EMS,Jessica Spindler,2018-11-09,796.0,962.9,11/01/1999,Wexford,32690.0,10286.0,67091.0,0.114
552,1WALBR,Construction,Jessica Spindler,2016-10-21,798.0,959.3,9/29/2016,Oakland,,,,
553,7THOMF,Fire & EMS,Jessica Spindler,2017-12-29,805.0,914.9,9/05/2012,Saginaw,,,,
554,1FRECC,Government Services,Keith Johnson,2016-08-31,807.0,910.0,8/13/2014,Newaygo,48280.0,21278.0,94629.0,0.167
555,1ZEEPS,K12 Education,Keith Johnson,2020-01-23,810.0,905.0,11/01/1999,Ottawa,267017.0,344342.0,825673.0,0.309
556,1OGCCD,911 & Dispatch,Jessica Spindler,,811.0,900.0,9/28/2011,Ogemaw,21537.0,7098.0,39112.0,0.134
557,1MAEMM,Law Enforcement,Pat McBride,2016-02-26,813.0,882.2,11/01/1999,Mason,28648.0,43119.0,88198.0,0.362
558,1CASFD,Fire & EMS,Pat McBride,2020-04-19,815.0,869.77,1/21/2005,Kent,609544.0,910110.0,1601574.0,0.421
559,1PRFTC,Security,Pat McBride,2019-11-15,817.0,856.52,9/05/2019,Oakland,,,,
560,1ARKEM,Manufacturing,Skip Petrovich,2020-02-14,818.0,849.25,5/02/2019,Kent,609544.0,910110.0,1601574.0,0.421
561,1ENGCH,Religious Institutions,Kelly Hoek,2019-08-09,819.0,841.64,8/07/2019,Ottawa,267017.0,344342.0,825673.0,0.309
562,1WAYAM,Fire & EMS,Keith Johnson,2019-10-11,821.0,830.98,11/01/1999,Allegan,111742.0,64023.0,318656.0,0.149
563,1WOLCS,K12 Education,Jessica Spindler,2017-05-31,822.0,830.24,12/21/2012,Cheboygan,25985.0,35187.0,64817.0,0.402
564,1SPRMN,Agriculture,Kelly Hoek,2017-02-24,824.0,826.23,11/01/1999,Ottawa,267017.0,344342.0,825673.0,0.309
565,1KUYPE,Colleges & Universities,Pat McBride,2015-03-19,827.0,801.15,12/27/2013,Kent,609544.0,910110.0,1601574.0,0.421
566,1HEAFD,Fire & EMS,Pat McBride,,828.0,799.5,11/01/1999,Oceana,26456.0,25212.0,52020.0,0.359
567,1HARCP,Law Enforcement,Pat McBride,,830.0,772.0,11/01/1999,Oceana,26456.0,25212.0,52020.0,0.359
568,7TORLA,Government Services,Jessica Spindler,2017-11-22,831.0,765.87,12/12/2014,Antrim,23504.0,4959.0,51231.0,0.072
569,4CENSC,K12 Education,Tom Gillespie,,833.0,755.4,11/01/1999,St. Joseph,,,,
570,1COOPS,K12 Education,Keith Johnson,2017-10-27,834.0,753.9,11/01/1999,Ottawa,267017.0,344342.0,825673.0,0.309
571,1WESSH,Retail,Kelly Hoek,,835.0,750.0,11/01/1999,Ottawa,267017.0,344342.0,825673.0,0.309
572,1KENFD,Fire & EMS,Keith Johnson,2019-02-08,838.0,728.68,11/01/1999,Kent,609544.0,910110.0,1601574.0,0.421
573,1BELFD,Fire & EMS,Keith Johnson,2015-09-30,840.0,715.94,6/28/2006,Montcalm,,,,
574,1MORTF,Fire & EMS,Pat McBride,2018-12-28,844.0,705.55,11/01/1999,Muskegon,171153.0,67069.0,281690.0,0.176
575,1CMPSU,Hospitality,Kelly Hoek,2019-06-27,846.0,697.75,1/17/2019,Ottawa,267017.0,344342.0,825673.0,0.309
576,1L&WEN,Manufacturing,Kelly Hoek,2015-12-11,849.0,690.23,11/01/1999,Wayne,,,,
577,4WHIFD,Fire & EMS,Tom Gillespie,,857.0,652.78,11/01/1999,St. Joseph,,,,
578,1PALTD,Utilities,Tom Gillespie,,865.0,620.5,6/03/2011,Van Buren,75897.0,57568.0,165946.0,0.257
579,1SSAIG,Government Services,Pat McBride,2020-02-14,874.0,599.0,2/06/2019,Kent,609544.0,910110.0,1601574.0,0.421
580,1GVILS,K12 Education,Keith Johnson,2018-01-26,876.0,594.0,1/09/2018,Kent,609544.0,910110.0,1601574.0,0.421
581,1HOLFA,Agriculture,Pat McBride,2018-04-13,878.0,585.67,5/25/2001,Oceana,26456.0,25212.0,52020.0,0.359
582,1LAEMG,Government Services,Keith Johnson,,882.0,557.6,8/04/2005,Lake,11485.0,8638.0,20425.0,0.313
583,1SCOFD,Fire & EMS,Keith Johnson,2018-10-19,883.0,556.0,11/01/1999,Mason,28648.0,43119.0,88198.0,0.362
584,4GALPD,Law Enforcement,Tom Gillespie,2019-08-12,884.0,555.74,6/10/2004,Berrien,156290.0,200519.0,510290.0,0.291
585,1HOLYS,Religious Institutions,Keith Johnson,2019-10-04,889.0,510.0,9/18/2019,Kent,609544.0,910110.0,1601574.0,0.421
586,1NEWPD,Law Enforcement,Pat McBride,2018-05-11,893.0,485.63,11/01/1999,Newaygo,48280.0,21278.0,94629.0,0.167
587,1SPAST,Manufacturing,Skip Petrovich,2018-12-14,896.0,473.86,11/01/1999,Kent,609544.0,910110.0,1601574.0,0.421
588,1LWLLF,Fire & EMS,Pat McBride,2016-01-29,898.0,465.0,12/04/2015,Kent,609544.0,910110.0,1601574.0,0.421
589,7OSCSD,Law Enforcement,Jessica Spindler,2020-03-11,902.0,452.31,11/08/2011,Oscoda,,,,
590,1HRBSH,Hospitality,Tom Gillespie,2019-08-26,906.0,430.0,8/28/2017,Berrien,156290.0,200519.0,510290.0,0.291
591,1YMCAG,Hospitality,Skip Petrovich,,907.0,423.75,3/03/2006,Kent,609544.0,910110.0,1601574.0,0.421
592,1MICFP,Manufacturing,Pat McBride,2015-09-08,910.0,400.0,11/01/1999,Oceana,26456.0,25212.0,52020.0,0.359
593,5VERCD,Transportation,Kelly Hoek,2018-04-20,911.0,395.0,11/01/1999,Ottawa,267017.0,344342.0,825673.0,0.309
594,1ALPFD,Fire & EMS,Pat McBride,2020-04-30,912.0,391.95,11/01/1999,Kent,609544.0,910110.0,1601574.0,0.421
595,1HESCS,K12 Education,Pat McBride,2015-03-31,918.0,375.0,5/21/2001,Oceana,26456.0,25212.0,52020.0,0.359
596,1ZFSCR,Agriculture,Kelly Hoek,2018-06-22,919.0,375.0,5/10/2018,Ottawa,267017.0,344342.0,825673.0,0.309
597,1OPDWC,Religious Institutions,Kelly Hoek,2015-09-18,920.0,365.0,9/29/2008,Allegan,111742.0,64023.0,318656.0,0.149
598,1SPRLC,Hospitality,Kelly Hoek,2015-10-09,921.0,365.0,11/01/1999,Ottawa,267017.0,344342.0,825673.0,0.309
599,1GVSUO,Colleges & Universities,Kelly Hoek,,923.0,343.2,9/29/2008,Ottawa,267017.0,344342.0,825673.0,0.309
600,7MESRE,Fire & EMS,Jessica Spindler,2018-01-18,924.0,338.82,11/01/1999,Wexford,32690.0,10286.0,67091.0,0.114
601,7ELLPD,Law Enforcement,Jessica Spindler,2020-02-21,925.0,337.8,7/26/2013,Antrim,23504.0,4959.0,51231.0,0.072
602,1TOSHI,Manufacturing,Pat McBride,2015-04-17,926.0,336.0,9/05/2014,,,,,
603,1POSHA,Construction,Kelly Hoek,2017-03-17,927.0,333.45,11/01/1999,Allegan,111742.0,64023.0,318656.0,0.149
604,7PELFD,Fire & EMS,Jessica Spindler,,933.0,320.0,11/01/1999,Emmet,32858.0,14103.0,80040.0,0.131
605,1WESSS,Fire & EMS,Keith Johnson,,934.0,319.75,11/01/1999,Ottawa,267017.0,344342.0,825673.0,0.309
606,1GODPS,K12 Education,Skip Petrovich,,938.0,300.0,8/24/2012,Kent,609544.0,910110.0,1601574.0,0.421
607,6MISPA,Government Services,Tom Gillespie,2016-12-30,939.0,300.0,11/01/1999,,,,,
608,7GERFD,Fire & EMS,Jessica Spindler,,940.0,300.0,11/01/1999,Roscommon,24281.0,21195.0,55477.0,0.283
609,1COOPE,Government Services,Keith Johnson,2017-02-17,944.0,290.0,11/01/1999,Ottawa,267017.0,344342.0,825673.0,0.309
610,1CRATA,Transportation,Jessica Spindler,,945.0,286.89,3/26/2002,Crawford,14017.0,32200.0,5375.0,4.437
611,1CANFD,Fire & EMS,Keith Johnson,2019-09-13,947.0,281.29,3/06/2001,Allegan,111742.0,64023.0,318656.0,0.149
612,1OTTPR,Government Services,Keith Johnson,,949.0,278.68,11/01/1999,Ottawa,267017.0,344342.0,825673.0,0.309
613,1WRIFD,Fire & EMS,Skip Petrovich,,954.0,265.0,11/01/1999,Kent,609544.0,910110.0,1601574.0,0.421
614,1JSTOW,Transportation,Skip Petrovich,2019-06-21,958.0,251.27,5/24/2018,Kent,609544.0,910110.0,1601574.0,0.421
615,1TULCI,Transportation,Kelly Hoek,,959.0,246.74,11/01/1999,Ottawa,267017.0,344342.0,825673.0,0.309
616,1GRANP,Law Enforcement,Pat McBride,2018-10-05,961.0,244.07,11/01/1999,Newaygo,48280.0,21278.0,94629.0,0.167
617,1HOLSP,Government Services,Keith Johnson,2017-08-18,965.0,240.0,8/10/2010,Ottawa,267017.0,344342.0,825673.0,0.309
618,1GRSFD,Fire & EMS,Pat McBride,2020-04-30,969.0,218.96,1/14/2016,Kent,609544.0,910110.0,1601574.0,0.421
619,1ALLWS,Manufacturing,Kelly Hoek,2015-04-24,972.0,217.38,10/19/2010,Ottawa,267017.0,344342.0,825673.0,0.309
620,1SOLON,Fire & EMS,Pat McBride,2019-06-27,979.0,205.48,12/28/2005,Kent,609544.0,910110.0,1601574.0,0.421
621,1TRACA,Utilities,Tom Gillespie,,986.0,188.86,12/28/2015,,,,,
622,1RICOR,Agriculture,Kelly Hoek,2017-07-21,988.0,185.33,11/01/1999,Ottawa,267017.0,344342.0,825673.0,0.309
623,1FIRSA,Religious Institutions,Skip Petrovich,,991.0,177.69,10/31/2003,Kent,609544.0,910110.0,1601574.0,0.421
624,1HAMBR,Construction,Kelly Hoek,2016-07-08,993.0,171.03,11/01/1999,Allegan,111742.0,64023.0,318656.0,0.149
625,1CALCR,Religious Institutions,Kelly Hoek,,998.0,158.0,11/01/1999,Ottawa,267017.0,344342.0,825673.0,0.309
626,1LMELC,Utilities,Pat McBride,2017-10-20,999.0,152.61,10/17/2017,Kent,609544.0,910110.0,1601574.0,0.421
627,7MORTS,Mining & Materials,Jessica Spindler,2015-04-30,1003.0,150.0,11/01/1999,,,,,
628,1BUCFD,Fire & EMS,Jessica Spindler,2016-08-31,1006.0,143.97,9/29/2008,Wexford,32690.0,10286.0,67091.0,0.114
629,1GRODC,Government Services,Keith Johnson,,1007.0,143.0,8/21/2018,Allegan,111742.0,64023.0,318656.0,0.149
630,1GRVFD,Fire & EMS,Skip Petrovich,2018-03-23,1009.0,139.99,11/01/1999,Kent,609544.0,910110.0,1601574.0,0.421
631,7WEXCO,Fire & EMS,Jessica Spindler,2019-03-21,1016.0,120.0,11/01/1999,Wexford,32690.0,10286.0,67091.0,0.114
632,1EASPS,Government Services,Skip Petrovich,,1017.0,119.98,11/01/1999,Kent,609544.0,910110.0,1601574.0,0.421
633,1RIVFD,Fire & EMS,Keith Johnson,,1021.0,110.0,12/29/2005,Mason,28648.0,43119.0,88198.0,0.362
634,1HOLTW,Government Services,Keith Johnson,2020-05-08,1023.0,103.8,11/01/1999,Ottawa,267017.0,344342.0,825673.0,0.309
635,1BOAHP,Manufacturing,Kelly Hoek,,1025.0,99.25,11/01/1999,Ottawa,267017.0,344342.0,825673.0,0.309
636,1SCOPD,Law Enforcement,Pat McBride,,1026.0,95.13,7/30/2002,Mason,28648.0,43119.0,88198.0,0.362
637,1NORPD,Law Enforcement,Pat McBride,2019-04-26,1032.0,83.18,2/24/2012,Muskegon,171153.0,67069.0,281690.0,0.176
638,7CADPS,K12 Education,Jessica Spindler,,1035.0,75.6,12/06/2005,Wexford,32690.0,10286.0,67091.0,0.114
639,1DOUJJ,Hospitality,Pat McBride,,1038.0,70.0,11/01/1999,Oceana,26456.0,25212.0,52020.0,0.359
640,1LAKCS,911 & Dispatch,Pat McBride,2019-07-12,1039.0,67.38,11/01/1999,Lake,11485.0,8638.0,20425.0,0.313
641,1OCEMG,Fire & EMS,Pat McBride,2019-03-22,1048.0,47.0,10/16/2002,Oceana,26456.0,25212.0,52020.0,0.359
642,7INLFD,Fire & EMS,Jessica Spindler,2018-07-27,1053.0,43.99,1/16/2012,Grand Traverse,88182.0,59666.0,215459.0,0.205
643,1UNIVN,Colleges & Universities,Tom Gillespie,2017-10-13,1055.0,40.0,9/29/2008,,,,,
644,7LECOE,Fire & EMS,Jessica Spindler,2018-08-09,1058.0,29.95,11/01/1999,Leelanau,21682.0,967.0,47091.0,0.015
645,1KECSH,911 & Dispatch,Pat McBride,2014-03-19,1061.0,19.99,2/28/2001,Kent,609544.0,910110.0,1601574.0,0.421
646,1DNRMR,Government Services,Pat McBride,2017-09-08,1064.0,12.73,6/13/2017,Oceana,26456.0,25212.0,52020.0,0.359
647,1WMSRD,Government Services,Pat McBride,,1068.0,-104.0,5/07/2008,Muskegon,171153.0,67069.0,281690.0,0.176
648,,Agriculture,Pat McBride,2020-04-10,,,,,,,,
649,,Agriculture,Pat McBride,2014-08-14,,,,,,,,
650,,Agriculture,Pat McBride,2014-04-25,,,,,,,,
651,,Agriculture,Kelly Hoek,,,,,,,,,
652,,Colleges & Universities,Pat McBride,,,,,,,,,
653,,Colleges & Universities,Pat McBride,,,,,,,,,
654,,Construction,Pat McBride,,,,,,,,,
655,,Construction,Skip Petrovich,,,,,,,,,
656,,Construction,Kelly Hoek,,,,,,,,,
657,,Construction,Pat McBride,2014-08-14,,,,,,,,
658,,Construction,Pat McBride,2020-04-10,,,,,,,,
659,,Construction,Tom Gillespie,,,,,,,,,
660,,Construction,Kelly Hoek,,,,,,,,,
661,,Fire & EMS,Skip Petrovich,,,,,,,,,
662,,Fire & EMS,Jessica Spindler,,,,,,,,,
663,,Fire & EMS,Keith Johnson,,,,,,,,,
664,,Fire & EMS,Jessica Spindler,,,,,,,,,
665,,Fire & EMS,Pat McBride,,,,,,,,,
666,,Fire & EMS,Jessica Spindler,,,,,,,,,
667,,Fire & EMS,Pat McBride,2013-12-27,,,,,,,,
668,,Fire & EMS,Keith Johnson,,,,,,,,,
669,,Fire & EMS,Keith Johnson,2020-05-08,,,,,,,,
670,,Fire & EMS,Tom Gillespie,,,,,,,,,
671,,Fire & EMS,Tom Gillespie,,,,,,,,,
672,,Fire & EMS,Pat McBride,,,,,,,,,
673,,Fire & EMS,Pat McBride,,,,,,,,,
674,,Fire & EMS,Pat McBride,,,,,,,,,
675,,Fire & EMS,Jessica Spindler,,,,,,,,,
676,,Fire & EMS,Pat McBride,,,,,,,,,
677,,Fire & EMS,Tom Gillespie,,,,,,,,,
678,,Fire & EMS,Jessica Spindler,2014-11-26,,,,,,,,
679,,Fire & EMS,Tom Gillespie,,,,,,,,,
680,,Fire & EMS,Jessica Spindler,,,,,,,,,
681,,Fire & EMS,Keith Johnson,,,,,,,,,
682,,Fire & EMS,Jessica Spindler,,,,,,,,,
683,,Fire & EMS,Keith Johnson,,,,,,,,,
684,,Fire & EMS,Jessica Spindler,,,,,,,,,
685,,Fire & EMS,Jessica Spindler,,,,,,,,,
686,,Fire & EMS,Pat McBride,,,,,,,,,
687,,Fire & EMS,Tom Gillespie,,,,,,,,,
688,,Government Services,Jessica Spindler,,,,,,,,,
689,,Government Services,Jessica Spindler,,,,,,,,,
690,,Government Services,Keith Johnson,,,,,,,,,
691,,Government Services,Skip Petrovich,,,,,,,,,
692,,Government Services,Jessica Spindler,,,,,,,,,
693,,Government Services,Skip Petrovich,,,,,,,,,
694,,Government Services,Skip Petrovich,,,,,,,,,
695,,Government Services,Keith Johnson,2013-09-05,,,,,,,,
696,,Government Services,Pat McBride,,,,,,,,,
697,,Government Services,Pat McBride,2014-11-26,,,,,,,,
698,,Government Services,Pat McBride,,,,,,,,,
699,,Government Services,Keith Johnson,2020-02-21,,,,,,,,
700,,Government Services,Keith Johnson,,,,,,,,,
701,,Government Services,Keith Johnson,,,,,,,,,
702,,Government Services,Tom Gillespie,,,,,,,,,
703,,Government Services,Skip Petrovich,,,,,,,,,
704,,Government Services,Jessica Spindler,2013-12-20,,,,,,,,
705,,Government Services,Pat McBride,,,,,,,,,
706,,Government Services,Tom Gillespie,,,,,,,,,
707,,Government Services,Tom Gillespie,2014-04-18,,,,,,,,
708,,Government Services,Jessica Spindler,,,,,,,,,
709,,Government Services,Keith Johnson,2014-11-26,,,,,,,,
710,,Healthcare,Pat McBride,,,,,,,,,
711,,Healthcare,Skip Petrovich,,,,,,,,,
712,,Healthcare,Pat McBride,,,,,,,,,
713,,Healthcare,Pat McBride,2014-11-26,,,,,,,,
714,,Healthcare,Tom Gillespie,,,,,,,,,
715,,Hospitality,Pat McBride,,,,,,,,,
716,,Hospitality,Kelly Hoek,2014-08-22,,,,,,,,
717,,Hospitality,Skip Petrovich,,,,,,,,,
718,,Hospitality,Pat McBride,,,,,,,,,
719,,Hospitality,Kelly Hoek,,,,,,,,,
720,,Hospitality,Kelly Hoek,,,,,,,,,
721,,Hospitality,Jessica Spindler,,,,,,,,,
722,,Hospitality,Jessica Spindler,,,,,,,,,
723,,Hospitality,Kelly Hoek,,,,,,,,,
724,,Hospitality,Skip Petrovich,2020-02-14,,,,,,,,
725,,Hospitality,Pat McBride,,,,,,,,,
726,,K12 Education,Tom Gillespie,,,,,,,,,
727,,K12 Education,Tom Gillespie,,,,,,,,,
728,,K12 Education,Tom Gillespie,,,,,,,,,
729,,K12 Education,Pat McBride,,,,,,,,,
730,,K12 Education,Keith Johnson,,,,,,,,,
731,,K12 Education,Tom Gillespie,,,,,,,,,
732,,K12 Education,Pat McBride,,,,,,,,,
733,,K12 Education,Pat McBride,,,,,,,,,
734,,K12 Education,Jessica Spindler,,,,,,,,,
735,,K12 Education,Keith Johnson,,,,,,,,,
736,,K12 Education,Skip Petrovich,,,,,,,,,
737,,Law Enforcement,Skip Petrovich,,,,,,,,,
738,,Law Enforcement,Tom Gillespie,2014-10-17,,,,,,,,
739,,Law Enforcement,Keith Johnson,,,,,,,,,
740,,Law Enforcement,Tom Gillespie,2020-04-28,,,,,,,,
741,,Law Enforcement,Jessica Spindler,2014-10-24,,,,,,,,
742,,Law Enforcement,Pat McBride,,,,,,,,,
743,,Law Enforcement,Keith Johnson,,,,,,,,,
744,,Law Enforcement,Tom Gillespie,,,,,,,,,
745,,Law Enforcement,Jessica Spindler,2014-11-26,,,,,,,,
746,,Law Enforcement,Keith Johnson,2012-01-26,,,,,,,,
747,,Law Enforcement,Keith Johnson,,,,,,,,,
748,,Law Enforcement,Tom Gillespie,,,,,,,,,
749,,Law Enforcement,Pat McBride,,,,,,,,,
750,,Law Enforcement,Pat McBride,2013-10-31,,,,,,,,
751,,Manufacturing,Kelly Hoek,,,,,,,,,
752,,Manufacturing,Skip Petrovich,,,,,,,,,
753,,Manufacturing,Jessica Spindler,2014-11-06,,,,,,,,
754,,Manufacturing,Pat McBride,,,,,,,,,
755,,Manufacturing,Tom Gillespie,2014-11-26,,,,,,,,
756,,Manufacturing,Kelly Hoek,2020-05-08,,,,,,,,
757,,Manufacturing,Kelly Hoek,2014-09-04,,,,,,,,
758,,Manufacturing,Kelly Hoek,,,,,,,,,
759,,Manufacturing,Kelly Hoek,,,,,,,,,
760,,Manufacturing,Kelly Hoek,2020-03-13,,,,,,,,
761,,Manufacturing,Pat McBride,,,,,,,,,
762,,Manufacturing,Kelly Hoek,,,,,,,,,
763,,Manufacturing,Kelly Hoek,,,,,,,,,
764,,Manufacturing,Pat McBride,,,,,,,,,
765,,Manufacturing,Skip Petrovich,2020-03-21,,,,,,,,
766,,Manufacturing,Kelly Hoek,,,,,,,,,
767,,Manufacturing,Pat McBride,,,,,,,,,
768,,Manufacturing,Kelly Hoek,,,,,,,,,
769,,Manufacturing,Kelly Hoek,2014-11-14,,,,,,,,
770,,Manufacturing,Kelly Hoek,2014-12-19,,,,,,,,
771,,Manufacturing,Kelly Hoek,2014-11-26,,,,,,,,
772,,Manufacturing,Kelly Hoek,,,,,,,,,
773,,Manufacturing,Kelly Hoek,,,,,,,,,
774,,Mining & Materials,Kelly Hoek,,,,,,,,,
775,,Oil & Gas,Kelly Hoek,,,,,,,,,
776,,Oil & Gas,Tom Gillespie,,,,,,,,,
777,,Property Management,Jessica Spindler,2020-02-19,,,,,,,,
778,,Property Management,Kelly Hoek,,,,,,,,,
779,,Religious Institutions,Kelly Hoek,,,,,,,,,
780,,Religious Institutions,Kelly Hoek,,,,,,,,,
781,,Religious Institutions,Kelly Hoek,,,,,,,,,
782,,Religious Institutions,Kelly Hoek,,,,,,,,,
783,,Religious Institutions,Pat McBride,,,,,,,,,
784,,Religious Institutions,Kelly Hoek,,,,,,,,,
785,,Retail,Pat McBride,,,,,,,,,
786,,Retail,Pat McBride,,,,,,,,,
787,,Retail,Tom Gillespie,2014-09-17,,,,,,,,
788,,Services & Training,Skip Petrovich,2014-05-22,,,,,,,,
789,,Services & Training,Tom Gillespie,,,,,,,,,
790,,Services & Training,Skip Petrovich,,,,,,,,,
791,,Services & Training,Skip Petrovich,,,,,,,,,
792,,Transportation,Kelly Hoek,,,,,,,,,
793,,Transportation,Kelly Hoek,,,,,,,,,
794,,Transportation,Kelly Hoek,,,,,,,,,
795,,Utilities,Skip Petrovich,,,,,,,,,
796,,Utilities,Kelly Hoek,,,,,,,,,
797,,Utilities,Keith Johnson,,,,,,,,,
798,,Utilities,Kelly Hoek,,,,,,,,,
799,,Utilities,Keith Johnson,,,,,,,,,
800,,Utilities,Pat McBride,2014-04-04,,,,,,,,
801,,Utilities,Tom Gillespie,,,,,,,,,
802,,Utilities,Pat McBride,2014-05-30,,,,,,,,
803,,Warehousing,Skip Petrovich,,,,,,,,,
804,,Warehousing,Kelly Hoek,,,,,,,,,
